singer_id,youtube_url
4,https://www.youtube.com/watch?v=n5dR8hY9NRo
1,https://www.youtube.com/watch?v=n5dR8hY9NRo
17,https://www.youtube.com/watch?v=g43mbNGxiSk
4,https://www.youtube.com/watch?v=g43mbNGxiSk
4,https://www.youtube.com/watch?v=MpHlpNuLr2U
2,https://www.youtube.com/watch?v=MpHlpNuLr2U
13,https://www.youtube.com/watch?v=PFTvSbR87SE
4,https://www.youtube.com/watch?v=nw9yG5prjUY
6,https://www.youtube.com/watch?v=ofkceALh_po
1,https://www.youtube.com/watch?v=ofkceALh_po
6,https://www.youtube.com/watch?v=75hOZr3tc_w
15,https://www.youtube.com/watch?v=75hOZr3tc_w
7,https://www.youtube.com/watch?v=4ipBiQSkVxA
4,https://www.youtube.com/watch?v=D3rWSpEKFKE
15,https://www.youtube.com/watch?v=Ewq79h3_e9c
2,https://www.youtube.com/watch?v=Z34o6SLRqD4
5,https://www.youtube.com/watch?v=pFpjmvQu8YM
3,https://www.youtube.com/watch?v=pFpjmvQu8YM
5,https://www.youtube.com/watch?v=8f7gDCVTOyw
3,https://www.youtube.com/watch?v=GeDnIW42hlA
11,https://www.youtube.com/watch?v=6-g409woOB8
1,https://www.youtube.com/watch?v=NbZMR0ElU24
5,https://www.youtube.com/watch?v=NbZMR0ElU24
5,https://www.youtube.com/watch?v=hOpDxt2iXD0
1,https://www.youtube.com/watch?v=-Mk1mxLp5xM
19,https://www.youtube.com/watch?v=nws0D5Uv2-U
11,https://www.youtube.com/watch?v=mac9lYEymQY
8,https://www.youtube.com/watch?v=mac9lYEymQY
4,https://www.youtube.com/watch?v=CeEltDzmC4g
6,https://www.youtube.com/watch?v=nJ-fmu6WDHU
9,https://www.youtube.com/watch?v=qARNDxsOS-c
3,https://www.youtube.com/watch?v=q_8ZKaaasA0
1,https://www.youtube.com/watch?v=gWEz1Ors_8o
10,https://www.youtube.com/watch?v=asGi6gPU0Nw
2,https://www.youtube.com/watch?v=asGi6gPU0Nw
8,https://www.youtube.com/watch?v=0c7YVN_I250
9,https://www.youtube.com/watch?v=YPi5lcOz_Hk
1,https://www.youtube.com/watch?v=wHD8L6fDl4Y
1,https://www.youtube.com/watch?v=KcZoFI77WBM
1,https://www.youtube.com/watch?v=req6w_B_lYg
4,https://www.youtube.com/watch?v=esFz-FZr5QY
2,https://www.youtube.com/watch?v=esFz-FZr5QY
2,https://www.youtube.com/watch?v=Q3tD7lb_Nag
3,https://www.youtube.com/watch?v=ttqVahyxxV0
1,https://www.youtube.com/watch?v=XLvcsaHN1S0
1,https://www.youtube.com/watch?v=7H7Z6OM-nuA
5,https://www.youtube.com/watch?v=-3NVvOBEiQU
11,https://www.youtube.com/watch?v=NtU8xGaSHHE
3,https://www.youtube.com/watch?v=lmdmIMdIpo4
1,https://www.youtube.com/watch?v=qsknrX27lX8
4,https://www.youtube.com/watch?v=UxJzmKX1N20
2,https://www.youtube.com/watch?v=Ycc55bLsfGw
2,https://www.youtube.com/watch?v=bmHcJpNDj1g
1,https://www.youtube.com/watch?v=20b2tT3S70Q
1,https://www.youtube.com/watch?v=wNt7lfzpUYM
2,https://www.youtube.com/watch?v=tqU1oRrW8bo
6,https://www.youtube.com/watch?v=fN8xtn6aqzU
4,https://www.youtube.com/watch?v=fN8xtn6aqzU
10,https://www.youtube.com/watch?v=0FIc95TmnIk
14,https://www.youtube.com/watch?v=S_IDHt3xUSo
1,https://www.youtube.com/watch?v=uDNHyKTaVLI
1,https://www.youtube.com/watch?v=hLyrJlNH0mo
1,https://www.youtube.com/watch?v=eJtajsqSPAY
23,https://www.youtube.com/watch?v=LL1uYii_6PQ
10,https://www.youtube.com/watch?v=Dh66rIneLWM
1,https://www.youtube.com/watch?v=BuL8DgX20M0
2,https://www.youtube.com/watch?v=FXqrO3iu2lk
1,https://www.youtube.com/watch?v=q22SUvfKq1w
1,https://www.youtube.com/watch?v=bmYGxAyTWQA
2,https://www.youtube.com/watch?v=bmYGxAyTWQA
2,https://www.youtube.com/watch?v=zPCfjf23p7s
1,https://www.youtube.com/watch?v=K-VZL0OE_X4
5,https://www.youtube.com/watch?v=hxyj7lFg4i4
4,https://www.youtube.com/watch?v=pR10xYrVLsg
1,https://www.youtube.com/watch?v=DUSvpG6cjn8
8,https://www.youtube.com/watch?v=DUSvpG6cjn8
3,https://www.youtube.com/watch?v=g0FXUWrANbs
2,https://www.youtube.com/watch?v=An1O9bzUgNU
1,https://www.youtube.com/watch?v=Ecv7VumOhbo
11,https://www.youtube.com/watch?v=mK9EYTLzPdk
7,https://www.youtube.com/watch?v=Jc1x0604jNE
6,https://www.youtube.com/watch?v=on2Y-Ovm9SA
17,https://www.youtube.com/watch?v=on2Y-Ovm9SA
14,https://www.youtube.com/watch?v=0r_BbCMKQuY
14,https://www.youtube.com/watch?v=3t4pzEvZXtA
10,https://www.youtube.com/watch?v=0r_BbCMKQuY
10,https://www.youtube.com/watch?v=3t4pzEvZXtA
3,https://www.youtube.com/watch?v=0r_BbCMKQuY
3,https://www.youtube.com/watch?v=3t4pzEvZXtA
6,https://www.youtube.com/watch?v=jgsZhtBMiPk
1,https://www.youtube.com/watch?v=6aSlb1mWPrQ
2,https://www.youtube.com/watch?v=MHzwkSDaGYM
20,https://www.youtube.com/watch?v=vvqZ8FzaJLk
3,https://www.youtube.com/watch?v=b4vTfP5MTSQ
1,https://www.youtube.com/watch?v=X0etTtWvWbQ
9,https://www.youtube.com/watch?v=qARNDxsOS-c
6,https://www.youtube.com/watch?v=rubYnkXYXW0
2,https://www.youtube.com/watch?v=GF_wyJZ3_Ak
5,https://www.youtube.com/watch?v=RdM6Na9W6q4
16,https://www.youtube.com/watch?v=fMkSa9kIcxA
1,https://www.youtube.com/watch?v=RRWZXVLpddY
21,https://www.youtube.com/watch?v=oYikh5kTAc4
3,https://www.youtube.com/watch?v=5hO_OAj7Zgc
5,https://www.youtube.com/watch?v=d6CpnfWyU0U
22,https://www.youtube.com/watch?v=nbfzQuRbMN0
13,https://www.youtube.com/watch?v=uzM4zaiWVCk
12,https://www.youtube.com/watch?v=p2ZDxVWf6XU
4,https://www.youtube.com/watch?v=UlnTkzFQYfI
3,https://www.youtube.com/watch?v=48XwDbN4Bzc
4,https://www.youtube.com/watch?v=Pu69IrrW7a0
4,https://www.youtube.com/watch?v=CJbl5M2RdfQ
8,https://www.youtube.com/watch?v=MgolzyCZgWI
1,https://www.youtube.com/watch?v=_yDwNAX7kTQ
4,https://www.youtube.com/watch?v=2gR-aMOhAkw
12,https://www.youtube.com/watch?v=WlPQ6LzLfow
5,https://www.youtube.com/watch?v=diCTnKQ1-NA
14,https://www.youtube.com/watch?v=OG02kwWSxL8
4,https://www.youtube.com/watch?v=LL1FsPECGyY
12,https://www.youtube.com/watch?v=n_rMzfnGbYo
24,https://www.youtube.com/watch?v=EL9vWnl-DVI
16,https://www.youtube.com/watch?v=OAlSSQi49-8
2,https://www.youtube.com/watch?v=2gcwIo3iB1c
7,https://www.youtube.com/watch?v=_G24GFXnVpk
18,https://www.youtube.com/watch?v=2O32UPkAVTw
3,https://www.youtube.com/watch?v=_-kHBDwCoOc
1,https://www.youtube.com/watch?v=kE-Zy77MZLM
5,https://www.youtube.com/watch?v=7SnOQfUu7H4
2,https://www.youtube.com/watch?v=PclgUb0Az-0
2,https://www.youtube.com/watch?v=C6evnjuLuDE
2,https://www.youtube.com/watch?v=DU6zMdPw1K4
2,https://www.youtube.com/watch?v=TBGC9vf1vEk
2,https://www.youtube.com/watch?v=A5eloCDQfzQ
18,https://www.youtube.com/watch?v=bc2QLYyq27U
3,https://www.youtube.com/watch?v=HzdFZA5KEgs
3,https://www.youtube.com/watch?v=xUvLMI6YRE8
3,https://www.youtube.com/watch?v=6SIKvcsLUp8
3,https://www.youtube.com/watch?v=4j0ocPJ469s
3,https://www.youtube.com/watch?v=-PVNwi_Zryc
5,https://www.youtube.com/watch?v=i6HuQWvZ9Hk
3,https://www.youtube.com/watch?v=i6HuQWvZ9Hk
5,https://www.youtube.com/watch?v=XOyimIX94HE
3,https://www.youtube.com/watch?v=XXi83bKUD9k
5,https://www.youtube.com/watch?v=kwfin7sjaYQ
3,https://www.youtube.com/watch?v=kwfin7sjaYQ
25,https://www.youtube.com/watch?v=6wBe6shkggw
1,https://www.youtube.com/watch?v=NPcUEix9pPc
26,https://www.youtube.com/watch?v=kVvLWqMuu5o
16,https://www.youtube.com/watch?v=OAlSSQi49-8
1,https://www.youtube.com/watch?v=ZAAVDNSbjv0
2,https://www.youtube.com/watch?v=ZAAVDNSbjv0
15,https://www.youtube.com/watch?v=5oOecWhXtkQ
13,https://www.youtube.com/watch?v=5oOecWhXtkQ
1,https://www.youtube.com/watch?v=yx9qsCk8C2w
12,https://www.youtube.com/watch?v=aMEF1mkIHSA
3,https://www.youtube.com/watch?v=RKe2udXM1NY
4,https://www.youtube.com/watch?v=WA3DkU-C040
4,https://www.youtube.com/watch?v=YxJnKgm9VqA
1,https://www.youtube.com/watch?v=Q7oeyhD3OwQ
1,https://www.youtube.com/watch?v=1ipBCTD95nY
2,https://www.youtube.com/watch?v=Ivrfz7CTYp8
27,https://www.youtube.com/watch?v=Ivrfz7CTYp8
28,https://www.youtube.com/watch?v=Ivrfz7CTYp8
29,https://www.youtube.com/watch?v=Ivrfz7CTYp8
30,https://www.youtube.com/watch?v=Ivrfz7CTYp8
9,https://www.youtube.com/watch?v=Ivrfz7CTYp8
31,https://www.youtube.com/watch?v=Ivrfz7CTYp8
2,https://www.youtube.com/watch?v=Z34o6SLRqD4
7,https://www.youtube.com/watch?v=2BwaKqvPD2E
