poem_id,related_poems
1,"[7:1, 128:2, 69:3, 246:4, 68:5]"
2,"[256:1, 295:2, 287:3, 141:4, 82:5, 15:6, 171:7, 23:8, 118:9]"
3,"[147:1, 86:2, 318:3, 226:4, 205:5, 347:6, 247:7]"
4,"[164:1, 19:2, 91:3, 310:4, 12:5, 281:6, 331:7, 327:8, 299:9, 166:10, 243:11, 208:12, 98:13, 163:14, 128:15, 20:16, 300:17, 323:18, 44:19]"
5,"[34:1, 289:2, 320:3, 9:4, 309:5, 334:6]"
6,"[20:1, 331:2, 152:3, 16:4, 122:5, 15:6, 301:7, 154:8, 200:9, 212:10]"
7,"[50:1, 204:2, 241:3, 186:4, 337:5, 197:6, 240:7, 163:8, 29:9, 263:10, 216:11, 332:12, 262:13, 91:14, 185:15, 309:16, 288:17, 111:18, 98:19]"
8,"[192:1, 86:2, 12:3, 240:4, 68:5, 296:6, 63:7, 89:8, 6:9, 312:10, 35:11, 272:12, 76:13, 186:14, 269:15, 136:16]"
9,"[272:1, 14:2, 143:3, 25:4, 12:5, 316:6, 95:7, 305:8, 267:9, 23:10, 127:11]"
10,"[77:1, 287:2, 224:3, 229:4, 321:5, 139:6, 128:7, 15:8, 94:9, 335:10, 126:11]"
11,"[182:1, 321:2, 238:3, 299:4, 272:5, 240:6, 228:7, 350:8, 268:9, 185:10, 131:11, 245:12, 239:13, 346:14, 190:15, 314:16, 149:17, 39:18]"
12,"[266:1, 155:2, 111:3, 171:4, 30:5, 213:6]"
13,"[246:1, 239:2, 133:3, 305:4, 93:5, 145:6, 12:7, 156:8, 259:9, 301:10, 66:11, 34:12, 272:13, 11:14, 83:15, 218:16, 287:17, 131:18, 292:19]"
14,"[156:1, 204:2, 318:3, 38:4, 17:5, 220:6, 161:7, 200:8, 201:9, 260:10, 214:11, 155:12, 263:13, 58:14, 20:15, 211:16, 252:17, 262:18, 248:19, 268:20]"
15,"[29:1, 114:2, 95:3, 313:4, 188:5, 277:6, 160:7, 328:8, 242:9, 22:10, 162:11, 203:12, 49:13, 98:14, 122:15]"
16,"[11:1, 338:2, 254:3, 248:4, 352:5, 53:6, 184:7, 117:8, 199:9, 274:10, 120:11]"
17,"[106:1, 275:2, 268:3, 172:4, 11:5, 117:6, 199:7, 37:8, 185:9, 166:10, 285:11, 350:12]"
18,"[89:1, 173:2, 304:3, 235:4, 335:5, 38:6, 217:7, 10:8, 148:9, 264:10, 315:11, 318:12, 99:13, 332:14, 330:15, 36:16]"
19,"[98:1, 262:2, 175:3, 277:4, 66:5]"
20,"[318:1, 293:2, 253:3, 317:4, 6:5, 29:6]"
21,"[70:1, 255:2, 54:3, 75:4, 95:5, 99:6, 14:7]"
22,"[34:1, 302:2, 78:3, 51:4, 19:5, 307:6, 310:7, 209:8, 338:9, 320:10]"
23,"[31:1, 8:2, 292:3, 334:4, 250:5, 259:6, 168:7, 102:8, 172:9, 9:10, 130:11, 160:12, 203:13, 176:14, 11:15, 224:16]"
24,"[223:1, 327:2, 8:3, 83:4, 77:5, 76:6, 244:7, 167:8, 35:9, 257:10, 199:11, 268:12, 353:13, 222:14, 251:15, 297:16, 288:17, 313:18]"
25,"[181:1, 166:2, 186:3, 130:4, 192:5]"
26,"[126:1, 305:2, 81:3, 240:4, 291:5, 326:6, 245:7, 320:8, 166:9, 28:10, 5:11, 30:12, 220:13, 228:14, 282:15, 71:16]"
27,"[112:1, 250:2, 299:3, 223:4, 68:5, 234:6, 46:7, 175:8, 119:9, 125:10, 7:11, 243:12, 338:13, 100:14, 164:15, 279:16, 105:17]"
28,"[199:1, 141:2, 98:3, 63:4, 58:5]"
29,"[334:1, 40:2, 57:3, 104:4, 235:5, 208:6, 126:7, 311:8, 94:9, 185:10, 190:11, 232:12, 41:13, 129:14, 155:15, 332:16, 105:17]"
30,"[353:1, 212:2, 80:3, 104:4, 335:5, 139:6, 34:7, 4:8]"
31,"[302:1, 161:2, 338:3, 256:4, 340:5, 63:6, 129:7, 230:8, 64:9, 42:10, 297:11, 168:12, 23:13, 118:14, 306:15, 80:16, 278:17, 5:18, 32:19, 237:20]"
32,"[305:1, 246:2, 134:3, 294:4, 320:5, 161:6, 92:7, 23:8, 245:9, 345:10, 321:11, 108:12, 261:13, 239:14, 1:15, 238:16, 278:17, 174:18, 163:19, 210:20]"
33,"[230:1, 234:2, 301:3, 120:4, 5:5, 71:6, 232:7, 320:8, 25:9, 76:10, 119:11, 69:12, 13:13, 316:14, 81:15, 122:16, 243:17, 321:18]"
34,"[257:1, 145:2, 146:3, 279:4, 81:5, 123:6, 297:7, 296:8, 136:9]"
35,"[151:1, 183:2, 32:3, 234:4, 221:5, 78:6, 144:7, 348:8]"
36,"[168:1, 282:2, 266:3, 314:4, 40:5, 130:6, 158:7]"
37,"[294:1, 23:2, 217:3, 241:4, 224:5, 264:6, 201:7, 170:8, 197:9, 153:10, 16:11, 322:12, 43:13, 234:14, 9:15, 314:16, 26:17, 313:18]"
38,"[337:1, 67:2, 205:3, 89:4, 218:5, 349:6, 182:7, 121:8, 312:9, 23:10, 112:11, 21:12]"
39,"[70:1, 123:2, 263:3, 116:4, 62:5, 305:6, 174:7, 352:8, 227:9, 299:10]"
40,"[75:1, 25:2, 157:3, 51:4, 218:5]"
41,"[270:1, 132:2, 33:3, 337:4, 320:5, 342:6, 258:7, 129:8]"
42,"[23:1, 287:2, 237:3, 129:4, 18:5, 226:6, 37:7, 102:8, 352:9, 74:10, 187:11, 336:12, 115:13, 298:14, 328:15]"
43,"[206:1, 213:2, 178:3, 282:4, 331:5, 299:6, 177:7, 49:8, 72:9, 135:10, 115:11, 211:12, 138:13, 34:14, 195:15, 217:16, 204:17, 261:18, 234:19]"
44,"[19:1, 195:2, 146:3, 125:4, 14:5, 256:6, 188:7, 90:8, 233:9, 311:10]"
45,"[119:1, 123:2, 9:3, 21:4, 320:5]"
46,"[323:1, 142:2, 252:3, 249:4, 160:5, 330:6, 9:7, 156:8, 300:9, 68:10, 289:11, 16:12, 207:13, 24:14, 169:15, 334:16]"
47,"[227:1, 180:2, 233:3, 252:4, 211:5, 26:6, 128:7, 220:8, 324:9]"
48,"[32:1, 25:2, 33:3, 134:4, 4:5, 93:6, 8:7, 37:8, 233:9, 63:10, 224:11, 272:12, 124:13, 211:14, 213:15, 316:16, 147:17, 288:18, 308:19]"
49,"[94:1, 61:2, 134:3, 226:4, 55:5, 217:6, 23:7, 335:8, 203:9, 149:10, 249:11, 5:12, 32:13, 38:14]"
50,"[303:1, 318:2, 7:3, 54:4, 36:5, 158:6, 310:7]"
51,"[67:1, 30:2, 71:3, 152:4, 84:5, 269:6, 59:7, 289:8, 208:9]"
52,"[91:1, 119:2, 85:3, 93:4, 240:5, 336:6, 170:7, 249:8, 96:9, 341:10, 139:11, 262:12, 28:13, 136:14, 330:15]"
53,"[258:1, 48:2, 196:3, 308:4, 275:5, 1:6, 282:7, 91:8, 346:9, 184:10, 197:11, 304:12, 98:13, 261:14, 234:15]"
54,"[211:1, 46:2, 331:3, 325:4, 51:5, 165:6, 64:7]"
55,"[104:1, 224:2, 306:3, 139:4, 284:5, 341:6, 113:7, 105:8, 67:9, 331:10]"
56,"[187:1, 240:2, 248:3, 13:4, 40:5, 194:6, 66:7, 223:8, 258:9, 59:10, 139:11, 19:12, 111:13, 308:14, 158:15, 334:16, 22:17, 138:18, 155:19]"
57,"[289:1, 248:2, 222:3, 318:4, 7:5, 119:6, 326:7, 59:8, 205:9, 335:10, 183:11, 112:12, 227:13, 228:14, 34:15]"
58,"[168:1, 38:2, 213:3, 170:4, 221:5, 184:6, 149:7, 1:8, 238:9, 224:10, 325:11, 187:12, 129:13, 348:14, 265:15, 185:16, 314:17, 259:18]"
59,"[6:1, 314:2, 257:3, 349:4, 187:5, 55:6, 117:7, 285:8, 107:9, 24:10, 135:11, 320:12, 211:13, 66:14, 256:15, 12:16, 280:17, 160:18]"
60,"[135:1, 20:2, 182:3, 109:4, 311:5, 299:6, 85:7, 223:8, 341:9, 251:10]"
61,"[145:1, 118:2, 7:3, 122:4, 265:5, 186:6, 99:7, 160:8, 58:9, 308:10, 114:11]"
62,"[238:1, 323:2, 243:3, 87:4, 96:5, 183:6, 202:7, 52:8, 54:9, 58:10, 257:11, 182:12]"
63,"[9:1, 199:2, 106:3, 33:4, 195:5]"
64,"[172:1, 254:2, 76:3, 68:4, 258:5, 245:6, 337:7, 81:8, 114:9, 326:10, 286:11, 251:12, 184:13, 98:14, 35:15, 192:16, 67:17, 62:18]"
65,"[180:1, 151:2, 277:3, 165:4, 176:5, 5:6, 97:7, 329:8, 74:9, 77:10, 324:11, 184:12, 153:13, 344:14]"
66,"[98:1, 221:2, 204:3, 22:4, 34:5, 353:6, 76:7, 49:8]"
67,"[273:1, 66:2, 119:3, 81:4, 150:5, 137:6, 147:7, 322:8, 309:9, 142:10, 219:11, 327:12, 46:13, 286:14, 301:15, 258:16, 63:17]"
68,"[325:1, 106:2, 161:3, 353:4, 204:5, 196:6, 37:7, 267:8, 169:9, 136:10, 63:11, 149:12, 315:13, 225:14, 343:15, 58:16, 331:17]"
69,"[315:1, 300:2, 46:3, 6:4, 321:5, 132:6, 103:7, 277:8, 162:9, 39:10, 306:11, 235:12, 177:13, 34:14]"
70,"[192:1, 169:2, 353:3, 168:4, 96:5, 231:6, 82:7]"
71,"[279:1, 237:2, 221:3, 347:4, 192:5]"
72,"[188:1, 259:2, 341:3, 296:4, 99:5, 305:6, 230:7, 262:8, 142:9, 237:10]"
73,"[282:1, 292:2, 98:3, 221:4, 255:5]"
74,"[154:1, 275:2, 25:3, 132:4, 82:5, 159:6, 200:7, 337:8, 89:9, 267:10, 59:11, 242:12, 104:13, 123:14, 326:15, 331:16]"
75,"[347:1, 92:2, 336:3, 219:4, 215:5, 211:6, 191:7, 70:8, 313:9, 102:10, 305:11, 95:12, 272:13, 323:14, 61:15, 239:16, 97:17, 105:18, 292:19, 124:20]"
76,"[334:1, 256:2, 150:3, 206:4, 348:5, 149:6, 70:7, 312:8, 347:9, 73:10]"
77,"[261:1, 123:2, 308:3, 190:4, 74:5, 291:6, 293:7, 240:8, 329:9, 151:10, 31:11, 80:12, 162:13, 290:14]"
78,"[338:1, 157:2, 292:3, 208:4, 281:5, 24:6, 124:7, 130:8, 288:9, 330:10]"
79,"[184:1, 314:2, 321:3, 39:4, 113:5, 132:6, 42:7, 268:8, 178:9, 213:10, 128:11, 85:12, 55:13]"
80,"[46:1, 29:2, 306:3, 247:4, 193:5, 283:6, 168:7, 274:8, 229:9, 122:10, 234:11]"
81,"[339:1, 320:2, 347:3, 139:4, 202:5, 254:6, 319:7, 38:8]"
82,"[223:1, 241:2, 222:3, 34:4, 312:5, 26:6, 319:7, 178:8, 15:9, 233:10, 54:11, 95:12, 101:13, 42:14]"
83,"[259:1, 331:2, 249:3, 165:4, 52:5, 195:6, 12:7, 231:8, 107:9, 263:10, 173:11, 282:12, 310:13, 40:14, 335:15, 42:16, 68:17, 70:18, 89:19]"
84,"[101:1, 139:2, 6:3, 96:4, 276:5, 345:6, 248:7, 285:8, 98:9, 260:10, 73:11, 174:12, 159:13, 270:14]"
85,"[304:1, 108:2, 182:3, 269:4, 1:5, 141:6]"
86,"[2:1, 280:2, 330:3, 271:4, 9:5, 14:6, 286:7, 268:8, 257:9, 142:10, 194:11, 10:12, 168:13, 91:14, 258:15, 265:16, 118:17, 127:18]"
87,"[272:1, 231:2, 66:3, 283:4, 76:5, 57:6, 97:7, 219:8, 136:9, 125:10, 167:11, 41:12, 215:13]"
88,"[303:1, 284:2, 9:3, 347:4, 1:5, 205:6, 213:7, 309:8, 314:9, 249:10, 264:11, 170:12, 158:13]"
89,"[346:1, 322:2, 184:3, 181:4, 34:5, 23:6, 332:7, 98:8, 163:9, 99:10, 342:11, 310:12, 140:13, 302:14, 224:15, 127:16, 96:17, 192:18, 150:19]"
90,"[69:1, 331:2, 96:3, 15:4, 206:5, 118:6, 352:7, 99:8, 301:9, 176:10, 227:11, 272:12, 110:13, 241:14, 346:15, 219:16, 234:17]"
91,"[174:1, 38:2, 221:3, 322:4, 291:5, 36:6, 138:7, 51:8, 58:9]"
92,"[210:1, 274:2, 108:3, 72:4, 78:5, 144:6, 154:7, 13:8, 265:9, 106:10, 223:11, 176:12, 228:13]"
93,"[305:1, 15:2, 178:3, 221:4, 236:5, 312:6, 208:7, 309:8, 311:9, 194:10, 310:11, 117:12]"
94,"[17:1, 322:2, 294:3, 158:4, 280:5, 132:6, 305:7, 230:8, 125:9, 299:10, 86:11, 181:12, 321:13, 100:14, 151:15, 268:16]"
95,"[318:1, 231:2, 230:3, 147:4, 25:5, 316:6, 166:7, 87:8, 234:9, 124:10, 53:11, 330:12, 274:13, 200:14, 338:15, 268:16, 66:17, 174:18, 156:19]"
96,"[150:1, 22:2, 264:3, 166:4, 222:5, 13:6, 197:7, 340:8, 199:9, 24:10, 165:11, 12:12, 49:13]"
97,"[334:1, 119:2, 81:3, 287:4, 153:5, 210:6, 228:7, 68:8]"
98,"[173:1, 290:2, 312:3, 217:4, 25:5, 308:6, 112:7, 21:8, 283:9, 214:10]"
99,"[27:1, 24:2, 343:3, 278:4, 108:5, 26:6, 120:7, 234:8, 32:9, 25:10, 69:11, 159:12, 177:13, 9:14, 304:15, 292:16, 152:17, 4:18, 295:19]"
100,"[170:1, 259:2, 348:3, 69:4, 40:5]"
101,"[156:1, 285:2, 13:3, 108:4, 344:5, 302:6, 315:7, 262:8, 87:9, 45:10]"
102,"[25:1, 191:2, 321:3, 202:4, 227:5, 242:6, 4:7, 302:8, 116:9, 340:10, 16:11, 212:12, 34:13, 54:14]"
103,"[291:1, 55:2, 184:3, 4:4, 273:5, 3:6, 29:7, 141:8, 180:9, 243:10, 82:11, 316:12, 121:13]"
104,"[242:1, 210:2, 110:3, 300:4, 65:5, 235:6, 317:7]"
105,"[30:1, 48:2, 238:3, 287:4, 87:5, 28:6, 37:7, 313:8, 323:9, 178:10, 199:11, 194:12, 23:13, 22:14, 240:15, 258:16]"
106,"[266:1, 203:2, 152:3, 94:4, 25:5, 239:6, 20:7, 212:8, 246:9, 121:10]"
107,"[239:1, 112:2, 98:3, 87:4, 177:5, 237:6, 80:7, 247:8, 162:9, 97:10, 288:11, 306:12, 274:13, 341:14, 92:15, 156:16, 311:17, 61:18, 294:19, 124:20]"
108,"[327:1, 339:2, 190:3, 171:4, 98:5, 25:6, 65:7]"
109,"[312:1, 160:2, 167:3, 88:4, 281:5, 287:6]"
110,"[70:1, 184:2, 140:3, 79:4, 82:5, 91:6, 323:7, 101:8, 255:9, 275:10, 162:11, 42:12, 135:13, 187:14, 316:15, 300:16, 245:17, 139:18, 231:19, 192:20]"
111,"[41:1, 127:2, 213:3, 87:4, 273:5, 197:6, 296:7, 162:8, 179:9, 327:10, 249:11, 79:12, 199:13, 324:14, 207:15, 204:16, 253:17, 156:18]"
112,"[18:1, 348:2, 49:3, 179:4, 190:5, 57:6, 158:7, 345:8, 333:9, 178:10, 109:11, 27:12, 298:13, 107:14, 315:15, 196:16, 115:17, 108:18, 283:19]"
113,"[337:1, 311:2, 138:3, 271:4, 91:5, 186:6, 77:7, 345:8, 212:9, 106:10]"
114,"[332:1, 161:2, 263:3, 320:4, 69:5, 225:6, 157:7, 330:8, 255:9]"
115,"[152:1, 181:2, 264:3, 317:4, 58:5, 60:6, 142:7, 244:8, 277:9, 143:10, 215:11, 261:12, 48:13, 294:14, 116:15, 187:16]"
116,"[292:1, 168:2, 32:3, 112:4, 155:5, 214:6, 350:7, 50:8, 217:9, 325:10]"
117,"[77:1, 18:2, 348:3, 16:4, 71:5, 149:6, 211:7, 115:8, 57:9, 92:10, 266:11, 283:12, 307:13, 285:14, 99:15]"
118,"[30:1, 191:2, 248:3, 198:4, 55:5, 224:6, 38:7, 274:8, 89:9, 255:10]"
119,"[225:1, 256:2, 17:3, 199:4, 54:5, 218:6, 177:7, 50:8, 309:9, 187:10, 294:11, 219:12, 288:13, 231:14, 43:15, 25:16]"
120,"[125:1, 346:2, 14:3, 306:4, 205:5, 40:6, 312:7, 166:8, 86:9, 127:10, 98:11, 88:12, 301:13, 61:14, 118:15, 157:16, 80:17, 110:18, 174:19]"
121,"[172:1, 147:2, 65:3, 83:4, 53:5, 337:6, 293:7, 310:8]"
122,"[141:1, 330:2, 84:3, 201:4, 165:5, 296:6]"
123,"[243:1, 252:2, 141:3, 260:4, 313:5, 70:6, 219:7, 34:8, 38:9]"
124,"[351:1, 125:2, 343:3, 203:4, 202:5, 228:6, 138:7, 242:8, 76:9, 144:10, 93:11, 145:12, 107:13, 79:14, 320:15, 143:16, 164:17, 207:18, 66:19, 168:20]"
125,"[188:1, 76:2, 95:3, 140:4, 132:5, 241:6, 134:7, 333:8, 18:9, 353:10, 7:11]"
126,"[17:1, 165:2, 268:3, 162:4, 309:5, 107:6, 225:7, 302:8, 173:9, 182:10, 221:11]"
127,"[230:1, 332:2, 281:3, 343:4, 228:5, 200:6]"
128,"[329:1, 256:2, 122:3, 323:4, 115:5, 173:6, 340:7]"
129,"[84:1, 212:2, 349:3, 340:4, 39:5, 144:6, 318:7, 230:8, 347:9, 265:10, 188:11, 192:12, 282:13]"
130,"[59:1, 323:2, 339:3, 312:4, 305:5, 260:6, 108:7]"
131,"[162:1, 233:2, 181:3, 190:4, 26:5, 237:6, 124:7]"
132,"[232:1, 136:2, 180:3, 47:4, 313:5, 184:6, 284:7]"
133,"[327:1, 84:2, 18:3, 276:4, 264:5, 187:6, 70:7, 282:8, 312:9, 181:10, 164:11, 26:12, 155:13, 258:14, 90:15, 165:16, 190:17, 262:18, 93:19]"
134,"[80:1, 145:2, 299:3, 56:4, 63:5, 190:6, 6:7, 247:8, 92:9, 244:10, 254:11, 182:12, 2:13, 320:14, 251:15, 281:16, 150:17, 42:18, 104:19, 87:20]"
135,"[236:1, 148:2, 166:3, 62:4, 323:5, 280:6, 231:7, 14:8, 282:9]"
136,"[278:1, 327:2, 336:3, 142:4, 251:5, 337:6, 131:7, 107:8, 268:9, 70:10, 219:11]"
137,"[337:1, 182:2, 262:3, 151:4, 93:5, 162:6, 48:7, 156:8, 172:9, 201:10, 114:11, 74:12, 30:13]"
138,"[340:1, 103:2, 187:3, 1:4, 279:5, 274:6, 284:7, 159:8, 160:9, 218:10, 282:11, 58:12, 62:13, 178:14, 265:15]"
139,"[348:1, 8:2, 76:3, 219:4, 122:5, 281:6, 351:7, 270:8, 346:9, 168:10, 285:11, 102:12, 167:13, 247:14, 243:15, 183:16, 99:17]"
140,"[324:1, 69:2, 256:3, 143:4, 316:5, 344:6, 182:7]"
141,"[119:1, 190:2, 128:3, 86:4, 136:5, 151:6, 129:7, 124:8, 134:9, 349:10, 17:11, 115:12, 345:13, 4:14, 203:15, 48:16, 202:17]"
142,"[321:1, 158:2, 11:3, 16:4, 305:5]"
143,"[60:1, 236:2, 218:3, 35:4, 141:5, 293:6, 284:7, 201:8, 150:9, 203:10, 209:11, 220:12, 298:13, 34:14, 156:15, 128:16, 326:17, 247:18]"
144,"[18:1, 113:2, 119:3, 101:4, 316:5, 275:6, 202:7, 99:8, 153:9, 233:10, 309:11, 338:12, 149:13, 74:14]"
145,"[126:1, 279:2, 243:3, 284:4, 132:5, 191:6, 93:7, 78:8, 115:9, 198:10]"
146,"[100:1, 302:2, 219:3, 113:4, 136:5, 209:6, 131:7, 34:8, 291:9, 320:10, 331:11, 96:12]"
147,"[102:1, 22:2, 351:3, 296:4, 62:5, 171:6, 45:7, 284:8, 281:9, 79:10]"
148,"[234:1, 158:2, 304:3, 101:4, 41:5, 336:6, 132:7, 243:8, 165:9, 194:10, 203:11]"
149,"[7:1, 234:2, 337:3, 327:4, 100:5, 297:6, 186:7, 127:8, 276:9, 110:10, 255:11, 5:12]"
150,"[191:1, 268:2, 326:3, 104:4, 120:5, 333:6, 215:7, 334:8, 177:9, 9:10, 295:11, 3:12, 39:13, 185:14, 165:15, 23:16, 142:17, 100:18]"
151,"[137:1, 212:2, 256:3, 104:4, 156:5, 168:6, 113:7, 247:8, 278:9, 106:10, 312:11]"
152,"[338:1, 343:2, 325:3, 203:4, 48:5, 140:6, 196:7, 93:8, 102:9, 234:10, 193:11, 132:12, 348:13, 155:14, 121:15, 261:16, 201:17, 29:18, 92:19]"
153,"[85:1, 346:2, 224:3, 132:4, 50:5, 280:6, 2:7, 72:8, 242:9, 4:10, 250:11]"
154,"[34:1, 251:2, 302:3, 149:4, 308:5, 322:6, 128:7, 277:8, 112:9, 190:10]"
155,"[202:1, 325:2, 242:3, 43:4, 283:5, 95:6, 290:7]"
156,"[33:1, 343:2, 65:3, 187:4, 131:5, 311:6, 192:7, 111:8]"
157,"[322:1, 104:2, 232:3, 228:4, 249:5, 327:6, 259:7, 309:8, 77:9, 248:10, 299:11, 207:12, 21:13, 313:14, 150:15, 247:16, 221:17, 35:18, 219:19, 176:20]"
158,"[79:1, 214:2, 87:3, 319:4, 98:5, 12:6, 280:7, 1:8, 46:9]"
159,"[145:1, 334:2, 309:3, 336:4, 347:5, 125:6, 35:7, 310:8, 225:9, 80:10]"
160,"[18:1, 104:2, 132:3, 23:4, 343:5, 30:6, 266:7, 291:8, 149:9, 158:10]"
161,"[194:1, 132:2, 120:3, 230:4, 43:5, 173:6, 144:7, 269:8, 16:9, 31:10, 287:11]"
162,"[279:1, 137:2, 229:3, 236:4, 24:5, 247:6, 326:7, 307:8]"
163,"[96:1, 55:2, 326:3, 58:4, 218:5, 49:6, 183:7, 230:8, 5:9, 248:10, 142:11, 314:12, 227:13, 210:14]"
164,"[351:1, 105:2, 23:3, 227:4, 234:5, 137:6, 49:7, 133:8, 115:9, 11:10, 225:11, 125:12, 19:13]"
165,"[171:1, 26:2, 181:3, 15:4, 153:5, 50:6, 297:7, 220:8, 42:9, 263:10]"
166,"[34:1, 268:2, 115:3, 314:4, 146:5, 98:6]"
167,"[303:1, 90:2, 116:3, 7:4, 26:5, 299:6]"
168,"[208:1, 270:2, 343:3, 186:4, 39:5, 236:6, 264:7, 102:8]"
169,"[282:1, 238:2, 223:3, 180:4, 132:5, 14:6, 65:7, 92:8, 59:9, 166:10, 143:11, 279:12, 112:13, 213:14, 35:15, 81:16, 334:17, 113:18]"
170,"[248:1, 46:2, 340:3, 10:4, 178:5, 27:6, 133:7, 2:8, 221:9, 42:10, 223:11, 101:12, 69:13, 316:14, 181:15, 6:16, 238:17]"
171,"[146:1, 131:2, 82:3, 314:4, 263:5, 10:6, 205:7, 87:8, 44:9, 117:10, 297:11, 309:12, 11:13, 176:14]"
172,"[8:1, 36:2, 40:3, 3:4, 50:5, 252:6]"
173,"[225:1, 40:2, 305:3, 39:4, 252:5, 131:6, 286:7, 231:8, 16:9, 123:10, 62:11, 301:12, 189:13, 149:14, 8:15, 271:16, 240:17, 267:18, 223:19, 99:20]"
174,"[4:1, 235:2, 209:3, 201:4, 41:5, 124:6, 286:7, 284:8, 213:9, 132:10, 176:11, 334:12]"
175,"[308:1, 343:2, 81:3, 106:4, 332:5, 272:6]"
176,"[280:1, 28:2, 103:3, 278:4, 126:5, 321:6, 50:7, 133:8, 313:9, 16:10]"
177,"[130:1, 6:2, 60:3, 108:4, 183:5]"
178,"[10:1, 208:2, 283:3, 306:4, 236:5, 129:6, 246:7, 309:8]"
179,"[154:1, 341:2, 100:3, 146:4, 135:5, 34:6, 228:7, 181:8, 238:9, 49:10]"
180,"[306:1, 283:2, 89:3, 40:4, 31:5, 104:6, 80:7, 313:8]"
181,"[172:1, 165:2, 214:3, 205:4, 231:5]"
182,"[85:1, 135:2, 249:3, 215:4, 77:5, 198:6, 78:7]"
183,"[6:1, 156:2, 127:3, 135:4, 242:5, 4:6, 246:7, 293:8, 333:9, 29:10, 243:11, 60:12, 54:13, 252:14, 253:15, 140:16, 87:17, 114:18, 342:19]"
184,"[124:1, 11:2, 153:3, 224:4, 158:5, 299:6, 137:7, 302:8, 333:9, 227:10]"
185,"[208:1, 14:2, 24:3, 287:4, 203:5]"
186,"[28:1, 68:2, 336:3, 290:4, 131:5, 47:6, 50:7]"
187,"[180:1, 47:2, 179:3, 43:4, 32:5, 243:6, 67:7, 21:8, 9:9, 334:10, 113:11, 342:12, 328:13, 95:14]"
188,"[192:1, 61:2, 107:3, 113:4, 30:5, 128:6, 343:7, 336:8, 320:9, 40:10, 335:11, 78:12, 167:13, 205:14, 73:15, 11:16, 144:17, 300:18, 71:19, 297:20]"
189,"[196:1, 277:2, 278:3, 349:4, 333:5, 55:6, 90:7, 147:8, 54:9, 300:10, 159:11, 213:12, 132:13, 299:14, 74:15, 225:16]"
190,"[221:1, 251:2, 188:3, 252:4, 191:5, 206:6]"
191,"[268:1, 68:2, 139:3, 152:4, 111:5]"
192,"[60:1, 259:2, 62:3, 309:4, 170:5, 210:6, 297:7, 280:8, 220:9]"
193,"[263:1, 318:2, 43:3, 317:4, 160:5, 296:6, 306:7, 51:8, 347:9, 205:10, 202:11, 336:12, 90:13, 211:14, 195:15, 247:16, 47:17, 108:18]"
194,"[109:1, 23:2, 92:3, 77:4, 235:5, 266:6, 186:7, 196:8, 115:9, 71:10]"
195,"[256:1, 210:2, 328:3, 24:4, 9:5]"
196,"[64:1, 36:2, 16:3, 222:4, 107:5, 45:6, 97:7, 297:8, 291:9, 126:10, 70:11, 206:12, 350:13]"
197,"[70:1, 278:2, 208:3, 37:4, 104:5]"
198,"[345:1, 351:2, 321:3, 166:4, 140:5, 86:6, 138:7, 148:8, 330:9, 211:10, 291:11, 90:12, 99:13, 143:14]"
199,"[131:1, 298:2, 73:3, 278:4, 282:5, 343:6, 146:7, 276:8, 15:9, 147:10]"
200,"[244:1, 141:2, 111:3, 37:4, 261:5, 17:6, 291:7, 11:8, 154:9, 325:10, 116:11, 255:12, 335:13, 143:14, 353:15, 226:16, 161:17, 41:18, 84:19]"
201,"[232:1, 178:2, 15:3, 50:4, 128:5, 300:6, 20:7, 255:8, 23:9, 274:10, 103:11, 71:12, 68:13, 249:14, 313:15, 45:16, 204:17, 125:18]"
202,"[270:1, 188:2, 329:3, 149:4, 105:5, 157:6, 38:7, 26:8]"
203,"[127:1, 67:2, 235:3, 315:4, 352:5, 131:6, 228:7, 304:8, 302:9, 71:10, 282:11, 316:12, 50:13, 166:14, 21:15, 313:16, 136:17]"
204,"[4:1, 203:2, 247:3, 149:4, 233:5, 85:6, 189:7, 282:8, 105:9, 2:10, 108:11, 122:12, 256:13, 110:14]"
205,"[234:1, 98:2, 199:3, 7:4, 330:5, 218:6, 222:7, 111:8, 217:9, 327:10, 151:11]"
206,"[245:1, 237:2, 313:3, 91:4, 71:5, 196:6, 353:7, 107:8, 117:9, 162:10, 251:11, 253:12, 304:13, 19:14, 23:15, 16:16, 172:17]"
207,"[100:1, 176:2, 145:3, 219:4, 24:5, 123:6, 168:7, 309:8, 60:9, 33:10, 107:11, 82:12, 115:13, 336:14, 37:15]"
208,"[55:1, 209:2, 308:3, 85:4, 23:5, 106:6, 311:7, 294:8, 203:9, 188:10, 299:11, 86:12]"
209,"[339:1, 73:2, 266:3, 185:4, 116:5, 316:6, 332:7, 107:8]"
210,"[57:1, 193:2, 326:3, 12:4, 137:5, 287:6, 88:7, 309:8, 11:9, 214:10, 190:11, 93:12, 71:13, 211:14, 172:15, 70:16, 284:17, 229:18, 328:19, 10:20]"
211,"[247:1, 233:2, 57:3, 296:4, 199:5, 242:6, 33:7, 14:8, 17:9, 61:10]"
212,"[192:1, 139:2, 229:3, 21:4, 84:5, 226:6, 22:7, 52:8, 263:9, 66:10, 144:11, 280:12, 155:13, 246:14, 20:15, 224:16]"
213,"[281:1, 164:2, 158:3, 322:4, 212:5, 162:6, 57:7, 111:8, 340:9, 250:10, 18:11, 353:12, 45:13, 239:14, 146:15]"
214,"[196:1, 58:2, 7:3, 276:4, 174:5, 248:6, 81:7, 92:8, 284:9, 293:10, 346:11, 77:12, 306:13, 131:14, 160:15]"
215,"[316:1, 92:2, 258:3, 138:4, 4:5, 182:6, 319:7, 167:8, 137:9, 135:10, 305:11, 141:12, 76:13, 294:14, 155:15, 186:16]"
216,"[119:1, 134:2, 129:3, 24:4, 29:5, 188:6, 140:7, 324:8, 293:9, 214:10, 178:11, 163:12, 186:13, 227:14, 3:15, 307:16, 43:17, 169:18]"
217,"[223:1, 8:2, 271:3, 32:4, 331:5, 174:6, 293:7, 55:8]"
218,"[191:1, 109:2, 195:3, 229:4, 194:5, 284:6, 36:7, 264:8, 152:9, 92:10, 244:11, 126:12, 241:13, 266:14, 106:15, 99:16]"
219,"[235:1, 283:2, 193:3, 62:4, 175:5]"
220,"[4:1, 34:2, 117:3, 273:4, 204:5, 209:6, 197:7, 75:8, 336:9, 305:10, 304:11, 329:12, 70:13, 280:14, 266:15, 270:16, 333:17, 228:18]"
221,"[141:1, 237:2, 228:3, 122:4, 195:5, 210:6, 250:7, 318:8, 218:9, 264:10, 133:11, 343:12, 12:13]"
222,"[131:1, 162:2, 192:3, 144:4, 315:5, 135:6, 80:7, 273:8, 295:9, 124:10, 255:11, 182:12, 249:13]"
223,"[207:1, 157:2, 112:3, 133:4, 347:5, 250:6, 277:7, 109:8, 311:9, 81:10]"
224,"[181:1, 155:2, 195:3, 262:4, 173:5, 101:6, 14:7]"
225,"[307:1, 272:2, 228:3, 130:4, 46:5, 61:6, 159:7, 30:8, 353:9, 212:10, 154:11, 207:12, 2:13, 282:14]"
226,"[261:1, 307:2, 146:3, 255:4, 145:5, 253:6]"
227,"[123:1, 75:2, 171:3, 199:4, 5:5, 201:6, 143:7, 54:8, 338:9, 153:10, 178:11, 90:12, 175:13, 190:14, 188:15, 77:16, 65:17]"
228,"[307:1, 337:2, 106:3, 336:4, 64:5, 91:6, 272:7, 61:8, 232:9, 53:10, 254:11, 205:12, 212:13, 327:14, 309:15, 286:16, 66:17, 74:18, 108:19, 70:20]"
229,"[18:1, 199:2, 139:3, 86:4, 132:5]"
230,"[233:1, 275:2, 353:3, 98:4, 132:5, 162:6, 228:7, 82:8, 300:9, 74:10, 187:11, 299:12, 99:13, 24:14, 14:15, 326:16, 327:17, 183:18, 351:19, 111:20]"
231,"[331:1, 315:2, 201:3, 250:4, 96:5, 217:6, 307:7, 64:8, 150:9, 247:10, 235:11, 18:12, 78:13, 107:14, 28:15, 227:16, 151:17]"
232,"[215:1, 32:2, 242:3, 108:4, 220:5, 56:6, 80:7, 334:8, 291:9, 172:10, 12:11, 136:12]"
233,"[343:1, 46:2, 317:3, 21:4, 204:5, 139:6, 288:7, 211:8]"
234,"[281:1, 21:2, 132:3, 295:4, 150:5, 286:6, 221:7, 265:8, 215:9, 81:10, 30:11, 299:12, 12:13, 321:14, 20:15, 101:16, 127:17, 68:18, 8:19]"
235,"[61:1, 135:2, 317:3, 278:4, 283:5, 119:6, 273:7, 150:8, 156:9, 289:10, 340:11, 263:12, 103:13, 132:14]"
236,"[137:1, 265:2, 27:3, 337:4, 93:5, 318:6, 79:7, 205:8, 244:9, 143:10, 171:11, 345:12, 320:13, 78:14, 179:15, 239:16]"
237,"[170:1, 320:2, 256:3, 286:4, 111:5]"
238,"[274:1, 137:2, 59:3, 298:4, 101:5, 171:6, 229:7, 269:8, 303:9]"
239,"[129:1, 119:2, 164:3, 50:4, 88:5, 21:6, 32:7, 348:8, 241:9, 280:10, 16:11, 274:12, 207:13, 200:14, 147:15, 99:16, 115:17, 217:18, 175:19, 75:20]"
240,"[328:1, 38:2, 298:3, 29:4, 192:5, 77:6, 67:7, 234:8, 181:9, 204:10, 218:11, 203:12]"
241,"[71:1, 190:2, 316:3, 152:4, 328:5, 131:6, 320:7, 296:8, 351:9, 234:10, 322:11, 133:12, 273:13, 227:14, 70:15, 303:16, 84:17, 146:18, 154:19]"
242,"[93:1, 347:2, 190:3, 331:4, 255:5, 47:6, 313:7, 108:8, 65:9, 321:10, 191:11, 128:12, 57:13, 261:14, 204:15]"
243,"[76:1, 289:2, 184:3, 215:4, 250:5, 248:6, 236:7, 6:8]"
244,"[228:1, 324:2, 348:3, 209:4, 106:5, 52:6, 46:7, 189:8, 337:9, 39:10, 22:11, 250:12, 346:13]"
245,"[270:1, 170:2, 154:3, 279:4, 313:5, 147:6, 16:7, 158:8, 49:9, 34:10, 54:11, 37:12, 161:13, 81:14, 348:15, 140:16, 73:17, 25:18, 107:19, 259:20]"
246,"[298:1, 187:2, 322:3, 23:4, 317:5, 1:6, 291:7, 209:8, 74:9, 242:10, 55:11, 18:12, 237:13, 181:14, 248:15, 139:16, 227:17, 149:18, 204:19]"
247,"[306:1, 294:2, 324:3, 281:4, 1:5, 126:6, 285:7, 338:8, 198:9, 82:10, 246:11, 147:12, 84:13]"
248,"[69:1, 184:2, 135:3, 11:4, 88:5, 266:6, 46:7, 22:8, 342:9, 116:10, 129:11, 260:12, 110:13, 235:14, 318:15, 322:16, 259:17, 27:18, 161:19]"
249,"[297:1, 155:2, 304:3, 229:4, 348:5, 265:6, 81:7, 184:8, 93:9, 126:10, 312:11, 163:12, 308:13, 38:14, 264:15, 50:16]"
250,"[294:1, 285:2, 290:3, 218:4, 11:5, 331:6]"
251,"[143:1, 247:2, 73:3, 105:4, 109:5, 49:6, 249:7, 214:8, 294:9, 229:10, 43:11]"
252,"[185:1, 61:2, 32:3, 111:4, 282:5, 219:6, 244:7, 54:8, 118:9, 205:10, 310:11, 92:12]"
253,"[137:1, 131:2, 121:3, 53:4, 321:5, 127:6, 41:7]"
254,"[319:1, 185:2, 238:3, 250:4, 211:5]"
255,"[60:1, 113:2, 131:3, 162:4, 27:5, 105:6, 272:7, 47:8, 74:9, 152:10, 277:11, 172:12, 187:13, 193:14, 61:15, 288:16, 338:17]"
256,"[121:1, 245:2, 335:3, 83:4, 101:5, 32:6, 301:7, 31:8, 239:9, 99:10, 56:11, 3:12]"
257,"[261:1, 278:2, 47:3, 23:4, 144:5, 25:6, 255:7, 277:8, 59:9, 90:10, 339:11, 129:12, 120:13, 271:14, 27:15, 119:16]"
258,"[331:1, 242:2, 229:3, 98:4, 118:5, 179:6, 53:7, 240:8, 214:9, 39:10, 42:11, 190:12, 102:13, 334:14, 50:15, 325:16]"
259,"[116:1, 5:2, 300:3, 127:4, 133:5, 56:6, 143:7, 160:8, 254:9, 204:10, 49:11, 28:12]"
260,"[187:1, 195:2, 2:3, 57:4, 235:5, 97:6, 127:7, 79:8, 12:9]"
261,"[234:1, 155:2, 56:3, 30:4, 345:5, 226:6, 82:7, 228:8, 111:9, 137:10, 170:11, 165:12, 136:13, 326:14]"
262,"[105:1, 219:2, 30:3, 90:4, 3:5, 207:6, 63:7]"
263,"[53:1, 273:2, 171:3, 22:4, 34:5, 45:6, 18:7, 12:8, 226:9, 341:10, 75:11, 130:12, 284:13]"
264,"[93:1, 124:2, 256:3, 251:4, 284:5, 143:6, 81:7, 185:8, 211:9, 336:10]"
265,"[313:1, 348:2, 227:3, 236:4, 243:5, 329:6, 318:7, 274:8, 307:9, 146:10, 172:11, 85:12]"
266,"[166:1, 279:2, 212:3, 161:4, 40:5, 230:6, 162:7, 182:8, 85:9, 332:10, 285:11, 185:12, 134:13, 311:14, 263:15]"
267,"[74:1, 81:2, 218:3, 126:4, 13:5, 264:6, 129:7, 178:8, 293:9, 207:10, 101:11, 152:12, 222:13, 194:14, 231:15, 278:16, 246:17]"
268,"[302:1, 202:2, 35:3, 152:4, 116:5, 124:6, 170:7, 32:8, 228:9]"
269,"[307:1, 79:2, 163:3, 123:4, 342:5, 51:6]"
270,"[242:1, 168:2, 146:3, 41:4, 258:5, 158:6, 111:7, 99:8, 76:9, 118:10, 343:11, 351:12, 290:13, 126:14, 2:15, 60:16, 47:17]"
271,"[173:1, 192:2, 149:3, 107:4, 272:5, 195:6, 330:7, 34:8, 165:9, 28:10, 260:11, 342:12, 202:13, 135:14, 182:15, 64:16, 344:17, 179:18, 127:19, 154:20]"
272,"[312:1, 332:2, 111:3, 16:4, 264:5, 152:6, 24:7, 273:8, 344:9, 311:10, 168:11, 353:12]"
273,"[186:1, 326:2, 40:3, 185:4, 303:5, 269:6, 46:7, 229:8, 126:9]"
274,"[294:1, 38:2, 271:3, 1:4, 284:5, 149:6, 8:7, 4:8]"
275,"[174:1, 227:2, 133:3, 336:4, 140:5, 167:6, 47:7, 95:8, 337:9, 252:10, 281:11, 234:12, 6:13, 108:14, 186:15, 172:16, 23:17, 12:18]"
276,"[198:1, 268:2, 58:3, 67:4, 44:5, 243:6, 66:7, 314:8, 30:9, 308:10, 267:11, 300:12, 225:13, 259:14, 117:15]"
277,"[189:1, 225:2, 226:3, 98:4, 95:5, 172:6, 127:7, 70:8, 10:9, 276:10, 174:11, 201:12, 326:13, 320:14, 341:15, 296:16, 236:17, 170:18]"
278,"[175:1, 302:2, 36:3, 82:4, 135:5, 316:6, 79:7, 41:8, 237:9, 95:10, 183:11, 103:12, 134:13, 264:14, 252:15]"
279,"[207:1, 17:2, 278:3, 6:4, 284:5, 164:6, 272:7, 219:8, 33:9, 94:10, 11:11, 159:12, 318:13]"
280,"[311:1, 298:2, 323:3, 36:4, 88:5, 130:6, 37:7, 61:8, 185:9, 286:10, 123:11, 282:12, 265:13, 191:14]"
281,"[322:1, 53:2, 214:3, 149:4, 30:5, 144:6, 203:7, 349:8, 264:9, 91:10, 52:11, 114:12, 185:13]"
282,"[59:1, 231:2, 237:3, 215:4, 169:5, 102:6]"
283,"[342:1, 116:2, 319:3, 338:4, 226:5, 200:6, 330:7, 261:8]"
284,"[68:1, 232:2, 108:3, 143:4, 115:5, 348:6, 343:7, 85:8, 273:9, 317:10, 166:11, 342:12, 13:13]"
285,"[337:1, 93:2, 267:3, 288:4, 303:5, 199:6, 66:7, 331:8, 13:9, 167:10]"
286,"[164:1, 325:2, 84:3, 127:4, 200:5]"
287,"[207:1, 96:2, 335:3, 253:4, 20:5, 255:6, 25:7, 104:8, 141:9, 187:10, 19:11, 272:12, 344:13, 175:14, 204:15, 258:16, 286:17, 173:18, 31:19, 246:20]"
288,"[292:1, 3:2, 231:3, 48:4, 17:5, 166:6, 314:7, 155:8, 65:9, 133:10, 180:11, 146:12]"
289,"[225:1, 255:2, 36:3, 284:4, 258:5, 58:6, 22:7, 283:8, 74:9, 19:10, 252:11]"
290,"[154:1, 171:2, 43:3, 336:4, 26:5, 188:6, 247:7, 198:8, 239:9, 122:10, 275:11]"
291,"[82:1, 245:2, 302:3, 284:4, 116:5, 193:6, 11:7, 331:8, 43:9, 290:10, 72:11, 154:12, 283:13, 320:14, 310:15, 107:16, 137:17, 268:18, 343:19, 33:20]"
292,"[149:1, 235:2, 151:3, 106:4, 41:5, 353:6]"
293,"[15:1, 266:2, 82:3, 215:4, 177:5, 207:6, 234:7, 243:8, 236:9, 28:10, 3:11]"
294,"[3:1, 237:2, 40:3, 312:4, 193:5, 19:6, 351:7, 265:8]"
295,"[235:1, 249:2, 296:3, 294:4, 134:5, 217:6, 179:7, 308:8]"
296,"[197:1, 102:2, 98:3, 274:4, 149:5, 277:6, 114:7, 326:8, 265:9, 3:10, 181:11, 103:12, 245:13, 246:14, 193:15]"
297,"[39:1, 215:2, 235:3, 267:4, 143:5, 63:6, 158:7, 146:8, 248:9, 123:10, 211:11, 239:12, 353:13, 295:14, 66:15, 287:16, 157:17, 107:18, 274:19]"
298,"[248:1, 302:2, 93:3, 44:4, 91:5, 264:6, 111:7, 124:8, 48:9, 64:10, 7:11]"
299,"[104:1, 53:2, 23:3, 326:4, 139:5, 197:6, 270:7, 78:8, 125:9, 129:10, 177:11, 25:12, 18:13, 152:14, 111:15, 200:16, 105:17, 31:18, 296:19]"
300,"[81:1, 164:2, 136:3, 327:4, 256:5, 209:6, 87:7, 104:8, 7:9, 60:10, 58:11, 100:12, 93:13, 26:14, 134:15, 201:16]"
301,"[276:1, 229:2, 332:3, 136:4, 314:5, 203:6, 154:7, 274:8, 138:9, 78:10, 36:11]"
302,"[144:1, 202:2, 206:3, 100:4, 303:5, 95:6, 242:7, 240:8, 183:9, 265:10]"
303,"[208:1, 29:2, 28:3, 99:4, 273:5, 123:6, 109:7, 223:8]"
304,"[151:1, 166:2, 268:3, 306:4, 296:5, 193:6, 41:7, 109:8, 16:9]"
305,"[175:1, 129:2, 54:3, 233:4, 214:5, 200:6, 194:7, 46:8, 238:9, 224:10, 75:11, 71:12, 62:13, 114:14, 4:15, 143:16, 180:17, 347:18, 67:19]"
306,"[242:1, 223:2, 329:3, 188:4, 316:5, 345:6, 213:7, 109:8, 39:9, 251:10, 301:11, 319:12, 334:13, 327:14]"
307,"[289:1, 173:2, 74:3, 279:4, 291:5, 340:6, 312:7, 49:8, 319:9, 280:10, 149:11, 103:12, 37:13, 17:14, 7:15, 309:16, 105:17, 328:18, 277:19]"
308,"[28:1, 264:2, 148:3, 207:4, 81:5, 142:6, 76:7, 280:8, 138:9, 179:10]"
309,"[4:1, 215:2, 278:3, 34:4, 49:5, 230:6, 296:7, 172:8]"
310,"[294:1, 325:2, 307:3, 203:4, 87:5, 93:6]"
311,"[278:1, 277:2, 85:3, 150:4, 273:5, 119:6, 306:7, 82:8, 151:9, 323:10, 313:11, 258:12, 87:13, 248:14, 270:15, 206:16]"
312,"[30:1, 123:2, 63:3, 144:4, 279:5, 291:6, 64:7, 51:8, 88:9, 344:10, 240:11, 323:12, 68:13, 208:14, 267:15, 105:16]"
313,"[171:1, 296:2, 323:3, 197:4, 113:5, 80:6, 71:7, 143:8, 161:9, 223:10, 286:11]"
314,"[186:1, 97:2, 209:3, 2:4, 78:5, 10:6, 144:7, 210:8, 21:9, 193:10, 53:11, 351:12, 239:13, 77:14, 227:15, 262:16, 141:17, 226:18, 348:19, 240:20]"
315,"[76:1, 104:2, 304:3, 288:4, 103:5, 238:6, 195:7, 289:8, 93:9, 48:10, 278:11, 126:12, 174:13, 85:14, 223:15, 69:16, 274:17]"
316,"[276:1, 198:2, 127:3, 307:4, 108:5, 109:6, 353:7, 157:8]"
317,"[27:1, 203:2, 299:3, 337:4, 194:5, 297:6, 266:7, 258:8, 20:9, 90:10]"
318,"[195:1, 220:2, 35:3, 166:4, 218:5, 312:6, 73:7, 351:8, 3:9, 168:10, 41:11, 315:12, 319:13, 303:14, 260:15, 224:16, 248:17, 353:18, 182:19]"
319,"[241:1, 133:2, 248:3, 67:4, 239:5, 352:6, 25:7, 306:8, 91:9, 327:10, 96:11, 297:12, 211:13, 320:14, 339:15, 7:16, 222:17, 189:18, 30:19]"
320,"[333:1, 34:2, 26:3, 200:4, 22:5, 14:6, 108:7, 249:8, 7:9, 199:10, 221:11, 91:12, 253:13, 243:14]"
321,"[159:1, 14:2, 117:3, 317:4, 251:5, 235:6, 271:7]"
322,"[140:1, 99:2, 343:3, 120:4, 130:5, 57:6, 347:7, 43:8, 116:9, 109:10, 138:11, 63:12]"
323,"[251:1, 136:2, 267:3, 180:4, 123:5, 311:6, 265:7, 122:8, 198:9, 302:10, 248:11, 64:12, 318:13, 76:14, 41:15, 283:16, 201:17, 259:18, 334:19]"
324,"[292:1, 3:2, 26:3, 202:4, 140:5, 12:6, 274:7, 156:8, 147:9, 108:10, 315:11, 192:12]"
325,"[205:1, 13:2, 207:3, 1:4, 345:5, 53:6, 5:7, 14:8, 238:9]"
326,"[300:1, 292:2, 61:3, 87:4, 141:5, 198:6, 65:7, 25:8, 186:9, 95:10, 64:11, 138:12, 199:13, 15:14, 44:15]"
327,"[17:1, 263:2, 1:3, 233:4, 163:5, 179:6, 286:7, 27:8, 309:9, 178:10, 195:11]"
328,"[313:1, 173:2, 121:3, 186:4, 352:5, 98:6]"
329,"[192:1, 278:2, 215:3, 273:4, 60:5, 55:6, 13:7, 91:8, 182:9, 181:10, 245:11, 341:12, 82:13]"
330,"[55:1, 345:2, 226:3, 84:4, 11:5, 243:6, 242:7]"
331,"[42:1, 223:2, 16:3, 237:4, 95:5, 289:6, 211:7, 300:8, 287:9, 81:10, 317:11, 106:12, 224:13]"
332,"[241:1, 28:2, 260:3, 18:4, 25:5, 75:6, 101:7, 348:8, 64:9, 85:10, 39:11, 248:12, 82:13, 178:14, 79:15, 264:16]"
333,"[31:1, 79:2, 279:3, 88:4, 255:5, 64:6, 33:7, 213:8, 73:9, 205:10, 91:11, 221:12]"
334,"[315:1, 81:2, 84:3, 186:4, 57:5, 77:6, 83:7, 126:8, 91:9, 286:10, 50:11, 283:12]"
335,"[1:1, 293:2, 90:3, 264:4, 280:5, 265:6]"
336,"[229:1, 278:2, 261:3, 60:4, 304:5]"
337,"[79:1, 33:2, 53:3, 38:4, 107:5, 271:6, 136:7]"
338,"[91:1, 74:2, 103:3, 24:4, 140:5, 171:6, 306:7, 133:8, 92:9]"
339,"[183:1, 227:2, 262:3, 28:4, 141:5, 217:6, 20:7, 148:8, 47:9, 163:10, 250:11, 219:12, 10:13, 252:14, 72:15, 117:16, 127:17]"
340,"[4:1, 306:2, 96:3, 121:4, 202:5, 293:6, 59:7, 198:8, 140:9, 200:10, 160:11, 132:12, 131:13, 75:14, 45:15, 105:16, 224:17, 215:18, 220:19]"
341,"[256:1, 182:2, 241:3, 53:4, 318:5, 73:6, 152:7, 147:8, 204:9, 211:10, 30:11, 17:12, 272:13, 142:14, 342:15, 21:16]"
342,"[246:1, 343:2, 326:3, 109:4, 338:5, 352:6, 327:7, 99:8, 173:9, 101:10]"
343,"[200:1, 60:2, 5:3, 45:4, 47:5, 119:6, 7:7, 15:8, 120:9, 215:10, 166:11, 149:12, 312:13, 167:14, 282:15]"
344,"[172:1, 341:2, 174:3, 42:4, 116:5, 198:6]"
345,"[182:1, 123:2, 162:3, 29:4, 20:5, 244:6, 141:7, 240:8, 31:9, 216:10, 325:11, 225:12, 323:13, 36:14, 247:15, 248:16, 228:17, 2:18]"
346,"[244:1, 349:2, 174:3, 248:4, 228:5, 147:6, 60:7, 97:8, 112:9, 266:10, 319:11, 106:12, 91:13, 182:14, 159:15, 145:16, 71:17, 206:18, 195:19, 136:20]"
347,"[108:1, 280:2, 7:3, 211:4, 45:5, 335:6, 53:7, 67:8, 88:9, 279:10, 123:11, 206:12, 227:13, 255:14, 340:15, 210:16]"
348,"[14:1, 264:2, 215:3, 235:4, 28:5, 353:6, 12:7, 45:8, 7:9]"
349,"[1:1, 33:2, 317:3, 211:4, 254:5, 267:6, 215:7, 93:8, 144:9, 123:10, 189:11, 19:12, 127:13, 216:14, 332:15, 325:16, 14:17, 22:18]"
350,"[182:1, 218:2, 86:3, 45:4, 70:5, 125:6, 60:7, 51:8, 8:9, 316:10, 324:11, 81:12, 279:13, 183:14, 165:15]"
351,"[286:1, 312:2, 78:3, 119:4, 347:5, 56:6, 323:7, 196:8]"
352,"[350:1, 114:2, 303:3, 43:4, 315:5, 94:6, 201:7, 144:8, 249:9, 98:10, 194:11, 289:12, 164:13, 93:14, 229:15, 188:16, 252:17, 59:18, 60:19, 139:20]"
353,"[321:1, 1:2, 217:3, 77:4, 276:5, 26:6, 269:7, 237:8, 341:9, 153:10, 135:11, 9:12, 28:13, 339:14, 151:15]"
