"poem_id","chunk_id","title_raw","row_ids_in_chunk"
1,2,"لا تسال مجرب","3,4,5,6"
2,3,"ثلاث مرات","7,8,9,10"
2,4,"ثلاث مرات","10,11,12,13"
2,5,"ثلاث مرات","12,13,15,14"
3,6,"هواء الامارات وثراها","16,17,18,19"
3,7,"هواء الامارات وثراها","19,20,21,22"
3,8,"هواء الامارات وثراها","22,23,24,25"
3,9,"هواء الامارات وثراها","25,26,27,28"
3,10,"هواء الامارات وثراها","28,29,30,31"
3,11,"هواء الامارات وثراها","31,32,33,34"
3,12,"هواء الامارات وثراها","32,33,34,35"
4,13,"يتيم","36,37,38,39"
4,14,"يتيم","39,40,41,42"
4,15,"يتيم","42,43,44,45"
5,16,"مرت على بـالي","46,47,48,49"
5,17,"مرت على بـالي","49,50,51,52"
5,18,"مرت على بـالي","52,53,54,55"
5,19,"مرت على بـالي","53,54,55,56"
6,20,"لا تلبـس ذهـب","57,58,59,60"
6,21,"لا تلبـس ذهـب","60,61,62,63"
6,22,"لا تلبـس ذهـب","61,62,63,64"
7,23,"لا تسـأل مجـرّب","65,66,67,68"
7,24,"لا تسـأل مجـرّب","68,69,70,71"
7,25,"لا تسـأل مجـرّب","69,70,71,72"
8,26,"قصر زعبيل","73,74,75,76"
8,27,"قصر زعبيل","76,77,78,79"
8,28,"قصر زعبيل","79,80,81,82"
8,29,"قصر زعبيل","82,83,84,85"
8,30,"قصر زعبيل","85,86,87,88"
8,31,"قصر زعبيل","88,89,90,91"
9,32,"قلب السبع","92,93,94,95"
9,33,"قلب السبع","95,96,97,98"
9,34,"قلب السبع","97,98,99,100"
10,35,"شـعب الإمـارات","101,102,103,104"
10,36,"شـعب الإمـارات","104,105,106,107"
10,37,"شـعب الإمـارات","107,108,109,110"
10,38,"شـعب الإمـارات","110,111,112,113"
10,39,"شـعب الإمـارات","113,114,115,116"
10,40,"شـعب الإمـارات","116,117,118,119"
22,101,"الغصن يابس","302,303,304,305"
23,106,"إيمـــان الشـــعوب","318,319,320,321"
10,41,"شـعب الإمـارات","117,118,119,120"
11,42,"سهم الغلا","121,122,123,124"
11,43,"سهم الغلا","124,125,126,127"
11,44,"سهم الغلا","127,128,129,130"
12,45,"سامح","131,132,133,134"
12,46,"سامح","134,135,136,137"
13,47,"رمز العز علمني","138,139,140,141"
13,48,"رمز العز علمني","141,142,143,144"
13,49,"رمز العز علمني","144,145,146,147"
13,50,"رمز العز علمني","147,148,149,150"
13,51,"رمز العز علمني","150,151,152,153"
13,52,"رمز العز علمني","153,154,155,156"
13,53,"رمز العز علمني","154,155,156,157"
14,54,"ديــوان العــرب","158,159,160,161"
14,55,"ديــوان العــرب","161,162,163,164"
14,56,"ديــوان العــرب","164,165,166,167"
14,57,"ديــوان العــرب","167,168,169,170"
14,58,"ديــوان العــرب","170,171,175,172"
14,59,"ديــوان العــرب","175,172,173,174"
15,60,"جسـر الصـداقة","176,177,178,179"
15,61,"جسـر الصـداقة","179,180,181,182"
15,62,"جسـر الصـداقة","182,183,184,185"
15,63,"جسـر الصـداقة","185,186,187,188"
15,64,"جسـر الصـداقة","188,189,190,191"
15,65,"جسـر الصـداقة","191,192,193,194"
16,66,"تجربة عمر","195,196,197,198"
16,67,"تجربة عمر","198,199,200,201"
16,68,"تجربة عمر","201,202,203,204"
16,69,"تجربة عمر","204,205,206,207"
16,70,"تجربة عمر","207,208,209,210"
16,71,"تجربة عمر","210,211,212,213"
16,72,"تجربة عمر","213,214,215,216"
16,73,"تجربة عمر","215,216,217,218"
17,74,"أوّل عشـق","219,220,221,222"
17,75,"أوّل عشـق","222,223,224,225"
17,76,"أوّل عشـق","225,226,227,228"
17,77,"أوّل عشـق","228,229,230,231"
17,78,"أوّل عشـق","231,232,233,234"
18,79,"الهجر","235,236,237,238"
18,80,"الهجر","238,239,240,241"
18,81,"الهجر","240,241,242,243"
19,82,"آسف آسف","244,245,246,247"
19,83,"آسف آسف","247,248,249,250"
19,84,"آسف آسف","250,251,252,253"
19,85,"آسف آسف","253,254,255,256"
19,86,"آسف آسف","256,257,258,259"
19,87,"آسف آسف","259,260,261,262"
19,88,"آسف آسف","262,263,264,265"
19,89,"آسف آسف","265,266,267,268"
20,90,"أحمر الورد","269,270,271,272"
20,91,"أحمر الورد","272,273,274,275"
20,92,"أحمر الورد","275,276,277,278"
20,93,"أحمر الورد","278,279,280,281"
20,94,"أحمر الورد","281,282,283,284"
20,95,"أحمر الورد","284,285,286,287"
21,96,"انت وانا","288,289,290,291"
21,97,"انت وانا","291,292,293,294"
21,98,"انت وانا","294,295,296,297"
21,99,"انت وانا","295,296,297,298"
22,100,"الغصن يابس","299,300,301,302"
22,102,"الغصن يابس","305,306,307,308"
23,103,"إيمـــان الشـــعوب","309,310,311,312"
23,104,"إيمـــان الشـــعوب","312,313,314,315"
23,105,"إيمـــان الشـــعوب","315,316,317,318"
23,107,"إيمـــان الشـــعوب","321,322,323,324"
23,108,"إيمـــان الشـــعوب","324,325,326,327"
23,109,"إيمـــان الشـــعوب","327,328,329,330"
23,110,"إيمـــان الشـــعوب","330,331,332,333"
23,115,"إيمـــان الشـــعوب","345,346,347,348"
23,111,"إيمـــان الشـــعوب","333,334,335,336"
23,112,"إيمـــان الشـــعوب","336,337,338,339"
23,113,"إيمـــان الشـــعوب","339,340,341,342"
23,114,"إيمـــان الشـــعوب","342,343,344,345"
23,117,"إيمـــان الشـــعوب","351,352,353,354"
23,118,"إيمـــان الشـــعوب","354,355,356,357"
23,119,"إيمـــان الشـــعوب","357,358,359,360"
23,120,"إيمـــان الشـــعوب","360,361,362,363"
23,125,"إيمـــان الشـــعوب","375,376,377,378"
23,121,"إيمـــان الشـــعوب","363,364,365,366"
23,122,"إيمـــان الشـــعوب","366,367,368,369"
23,123,"إيمـــان الشـــعوب","369,370,371,372"
23,124,"إيمـــان الشـــعوب","372,373,374,375"
23,126,"إيمـــان الشـــعوب","378,379,380,381"
23,127,"إيمـــان الشـــعوب","381,382,383,384"
23,128,"إيمـــان الشـــعوب","384,385,386,387"
23,129,"إيمـــان الشـــعوب","387,388,389,390"
37,193,"اعمار","577,578,579,580"
23,130,"إيمـــان الشـــعوب","390,391,392,393"
23,131,"إيمـــان الشـــعوب","393,394,395,396"
183,839,"معلّقة الاتحاد","2493,2494,2495,2496"
23,132,"إيمـــان الشـــعوب","396,397,398,399"
23,133,"إيمـــان الشـــعوب","399,400,401,402"
23,134,"إيمـــان الشـــعوب","402,403,404,405"
23,135,"إيمـــان الشـــعوب","405,406,407,408"
23,136,"إيمـــان الشـــعوب","408,409,410,411"
24,137,"قصيدة المستحــــيل","412,413,414,433"
24,138,"قصيدة المستحــــيل","433,415,416,417"
24,139,"قصيدة المستحــــيل","417,418,419,420"
24,140,"قصيدة المستحــــيل","420,421,422,423"
24,141,"قصيدة المستحــــيل","423,424,425,426"
24,142,"قصيدة المستحــــيل","426,427,428,429"
24,143,"قصيدة المستحــــيل","429,430,431,432"
24,144,"قصيدة المستحــــيل","431,432,434,435"
25,145,"مرت سنة","436,437,438,439"
25,146,"مرت سنة","439,440,441,442"
25,147,"مرت سنة","440,441,442,443"
26,148,"الإســـم","444,445,446,447"
26,149,"الإســـم","447,448,449,450"
26,150,"الإســـم","450,451,452,453"
26,151,"الإســـم","452,453,454,455"
27,152,"أدب","456,457,458,459"
27,153,"أدب","459,460,461,462"
28,154,"إذا قالت ألو","463,464,465,466"
28,155,"إذا قالت ألو","466,467,468,469"
28,156,"إذا قالت ألو","469,470,471,472"
28,157,"إذا قالت ألو","470,471,472,473"
29,158,"واحد x إثنين","474,475,476,477"
29,159,"واحد x إثنين","477,478,479,480"
29,160,"واحد x إثنين","480,481,482,483"
29,161,"واحد x إثنين","483,484,485,486"
29,162,"واحد x إثنين","485,486,487,488"
30,163,"إبليـس ملعـون","489,490,491,492"
30,164,"إبليـس ملعـون","492,493,494,495"
30,165,"إبليـس ملعـون","495,496,497,498"
30,166,"إبليـس ملعـون","498,499,500,501"
30,167,"إبليـس ملعـون","499,500,501,502"
31,168,"أرسم غـرام","503,504,505,506"
31,169,"أرسم غـرام","506,507,508,509"
31,170,"أرسم غـرام","507,508,509,510"
32,171,"أريـد اتـفـلـسـف","511,512,513,514"
32,172,"أريـد اتـفـلـسـف","514,515,516,517"
32,173,"أريـد اتـفـلـسـف","517,518,519,520"
32,174,"أريـد اتـفـلـسـف","519,520,521,522"
33,175,"أزعـل عـليــك","523,524,525,526"
33,176,"أزعـل عـليــك","526,527,528,529"
33,177,"أزعـل عـليــك","529,530,531,532"
34,178,"اسـتجـواب","533,534,535,536"
34,179,"اسـتجـواب","536,537,538,539"
34,180,"اسـتجـواب","539,540,541,542"
34,181,"اسـتجـواب","541,542,543,544"
35,182,"آسف على التأخير","545,546,547,548"
35,183,"آسف على التأخير","546,547,548,549"
36,184,"أشيـاء .. وأشيـاء","550,551,552,553"
36,185,"أشيـاء .. وأشيـاء","553,554,555,556"
36,186,"أشيـاء .. وأشيـاء","556,557,558,559"
36,187,"أشيـاء .. وأشيـاء","559,560,561,562"
36,188,"أشيـاء .. وأشيـاء","562,563,564,565"
36,189,"أشيـاء .. وأشيـاء","565,566,567,568"
36,190,"أشيـاء .. وأشيـاء","568,569,570,571"
36,191,"أشيـاء .. وأشيـاء","570,571,572,573"
37,192,"اعمار","574,575,576,577"
37,194,"اعمار","580,581,582,583"
37,195,"اعمار","583,584,585,586"
37,196,"اعمار","586,587,588,589"
37,197,"اعمار","589,590,591,592"
58,271,"السمـو والمـعالي","809,810,811,812"
37,198,"اعمار","592,593,594,595"
37,199,"اعمار","595,596,597,598"
37,200,"اعمار","598,599,600,601"
37,201,"اعمار","601,602,603,604"
41,210,"إلى البـراءه","628,629,630,631"
38,202,"أفـا والله أفـا","605,606,607,608"
38,203,"أفـا والله أفـا","608,609,610,611"
38,204,"أفـا والله أفـا","611,612,613,614"
38,205,"أفـا والله أفـا","612,613,614,615"
39,206,"إقرب تعال","616,617,618,619"
40,207,"ألف عام","620,621,622,623"
40,208,"ألف عام","623,624,625,626"
40,209,"ألف عام","624,625,626,627"
41,211,"إلى البـراءه","631,632,633,634"
41,212,"إلى البـراءه","634,635,636,637"
42,213,"أمجاد الجدود","638,639,640,641"
42,214,"أمجاد الجدود","641,642,643,644"
42,215,"أمجاد الجدود","644,645,646,647"
42,216,"أمجاد الجدود","647,648,649,650"
42,217,"أمجاد الجدود","650,651,652,653"
43,218,"إمـتـحـانـك صـعـب","654,655,656,657"
43,219,"إمـتـحـانـك صـعـب","657,658,659,660"
43,220,"إمـتـحـانـك صـعـب","660,661,662,663"
43,221,"إمـتـحـانـك صـعـب","662,663,664,665"
44,222,"آمر يا بو خالد","666,667,668,669"
44,223,"آمر يا بو خالد","669,670,671,672"
44,224,"آمر يا بو خالد","672,673,674,675"
45,225,"أمشي بعزم","676,677,678,679"
45,226,"أمشي بعزم","679,680,681,682"
45,227,"أمشي بعزم","680,681,682,683"
46,228,"أنا في الشـعر","684,685,686,687"
46,229,"أنا في الشـعر","687,688,689,690"
46,230,"أنا في الشـعر","688,689,690,691"
47,231,"أنـا و عيني","692,693,694,695"
47,232,"أنـا و عيني","695,696,697,698"
47,233,"أنـا و عيني","696,697,698,699"
48,234,"إنتـبــاه","700,701,702,703"
48,235,"إنتـبــاه","703,704,705,706"
48,236,"إنتـبــاه","705,706,707,708"
49,237,"أنصـاف الحــلول","709,710,711,712"
49,238,"أنصـاف الحــلول","712,713,714,715"
49,239,"أنصـاف الحــلول","713,714,715,716"
50,240,"أوراقـــي","717,718,719,720"
50,241,"أوراقـــي","720,721,722,723"
50,242,"أوراقـــي","721,722,723,724"
51,243,"أوربـــت","725,726,727,728"
51,244,"أوربـــت","728,729,730,731"
51,245,"أوربـــت","731,732,733,734"
52,246,"الأخيـــر .. الأوّل","735,736,737,738"
52,247,"الأخيـــر .. الأوّل","738,739,740,741"
52,248,"الأخيـــر .. الأوّل","741,742,743,744"
52,249,"الأخيـــر .. الأوّل","743,744,745,746"
53,250,"الـبــدر","747,748,749,750"
53,251,"الـبــدر","750,751,752,753"
53,252,"الـبــدر","753,754,755,756"
53,253,"الـبــدر","755,756,757,758"
54,254,"الـجــروح","759,760,761,762"
54,255,"الـجــروح","762,763,764,765"
54,256,"الـجــروح","764,765,766,767"
55,257,"الزعل ماهو دموع","768,769,770,771"
55,258,"الزعل ماهو دموع","771,772,773,774"
55,259,"الزعل ماهو دموع","774,775,776,777"
55,260,"الزعل ماهو دموع","777,778,779,780"
55,261,"الزعل ماهو دموع","780,781,782,783"
55,262,"الزعل ماهو دموع","783,784,785,786"
55,263,"الزعل ماهو دموع","785,786,787,788"
56,264,"السـالفــه","789,790,791,792"
56,265,"السـالفــه","792,793,794,795"
56,266,"السـالفــه","795,796,797,798"
56,267,"السـالفــه","796,797,798,799"
57,268,"السـمـو","800,801,802,803"
57,269,"السـمـو","802,803,804,805"
58,270,"السمـو والمـعالي","806,807,808,809"
58,272,"السمـو والمـعالي","812,813,814,815"
58,273,"السمـو والمـعالي","815,816,817,818"
58,274,"السمـو والمـعالي","818,819,820,821"
58,275,"السمـو والمـعالي","821,822,823,824"
96,441,"خـذ من الشاعر كــــلامه","1314,1315,1316,1317"
58,276,"السمـو والمـعالي","824,825,826,827"
58,277,"السمـو والمـعالي","827,828,829,830"
59,278,"الشـاعر اللـي","831,832,833,834"
59,279,"الشـاعر اللـي","834,835,836,837"
59,280,"الشـاعر اللـي","837,838,839,840"
59,281,"الشـاعر اللـي","840,841,842,843"
59,282,"الشـاعر اللـي","843,844,845,846"
60,283,"الصاحب الـمعني","847,848,849,850"
60,284,"الصاحب الـمعني","850,851,852,853"
60,285,"الصاحب الـمعني","852,853,854,855"
61,286,"الغـول و العنـقاء","856,857,858,859"
61,287,"الغـول و العنـقاء","859,860,861,862"
61,288,"الغـول و العنـقاء","862,863,864,865"
61,289,"الغـول و العنـقاء","865,866,867,868"
61,290,"الغـول و العنـقاء","867,868,869,870"
62,291,"الفصـول الأربعـة","871,872,873,874"
62,292,"الفصـول الأربعـة","874,875,876,877"
62,293,"الفصـول الأربعـة","877,878,879,880"
63,294,"القضا بالقضا","881,882,883,884"
63,295,"القضا بالقضا","884,885,886,887"
63,296,"القضا بالقضا","885,886,887,888"
64,297,"الـمـورد واحــد","889,890,891,892"
64,298,"الـمـورد واحــد","892,893,894,895"
64,299,"الـمـورد واحــد","895,896,897,898"
64,300,"الـمـورد واحــد","898,899,900,901"
64,301,"الـمـورد واحــد","901,902,903,904"
64,302,"الـمـورد واحــد","904,905,906,907"
64,303,"الـمـورد واحــد","905,906,907,908"
65,304,"الـموعـد","909,910,911,912"
65,305,"الـموعـد","912,913,914,915"
65,306,"الـموعـد","915,916,917,918"
66,307,"الناس بالإحسـاس","919,920,921,922"
66,308,"الناس بالإحسـاس","922,923,924,925"
66,309,"الناس بالإحسـاس","925,926,927,928"
66,310,"الناس بالإحسـاس","928,929,930,931"
66,311,"الناس بالإحسـاس","931,932,933,934"
66,312,"الناس بالإحسـاس","934,935,936,937"
66,313,"الناس بالإحسـاس","937,938,939,940"
66,314,"الناس بالإحسـاس","940,941,942,943"
66,315,"الناس بالإحسـاس","941,942,943,944"
67,316,"أول انسان احبّه","945,946,947,948"
67,317,"أول انسان احبّه","948,949,950,951"
67,318,"أول انسان احبّه","950,951,952,953"
68,319,"بالمخـتصـــر","954,955,956,957"
68,320,"بالمخـتصـــر","957,958,959,960"
68,321,"بالمخـتصـــر","960,961,962,963"
68,322,"بالمخـتصـــر","963,964,965,967"
68,323,"بالمخـتصـــر","964,965,967,966"
69,324,"بـحــور","968,969,970,971"
69,325,"بـحــور","971,972,973,974"
69,326,"بـحــور","973,974,975,976"
70,327,"بــرج العــــرب","977,978,979,980"
70,328,"بــرج العــــرب","980,981,982,983"
70,329,"بــرج العــــرب","981,982,983,984"
71,330,"بـرج عـاجـي","985,986,987,988"
71,331,"بـرج عـاجـي","988,989,990,991"
71,332,"بـرج عـاجـي","990,991,992,993"
72,333,"بعـلبـك","994,995,996,997"
72,334,"بعـلبـك","997,998,999,1000"
72,335,"بعـلبـك","1000,1001,1002,1003"
73,336,"بُـن وْ هيـل وْ تـمر","1004,1005,1006,1007"
73,337,"بُـن وْ هيـل وْ تـمر","1007,1008,1009,1010"
73,338,"بُـن وْ هيـل وْ تـمر","1010,1011,1012,1013"
73,339,"بُـن وْ هيـل وْ تـمر","1013,1014,1015,1016"
74,340,"بنــات الريــــح","1017,1018,1019,1020"
74,341,"بنــات الريــــح","1020,1021,1022,1023"
74,342,"بنــات الريــــح","1023,1024,1025,1026"
74,343,"بنــات الريــــح","1026,1027,1028,1029"
74,344,"بنــات الريــــح","1029,1030,1031,1032"
75,345,"بيـاض التجـربـه","1033,1034,1035,1036"
75,346,"بيـاض التجـربـه","1036,1037,1038,1039"
75,347,"بيـاض التجـربـه","1039,1040,1041,1042"
75,348,"بيـاض التجـربـه","1042,1043,1044,1045"
75,349,"بيـاض التجـربـه","1045,1046,1047,1048"
75,350,"بيـاض التجـربـه","1047,1048,1049,1050"
76,351,"بيت في حرف","1051,1052,1053,1054"
76,352,"بيت في حرف","1054,1055,1056,1057"
76,353,"بيت في حرف","1055,1056,1057,1058"
77,354,"ترنيمــة","1059,1060,1061,1062"
77,355,"ترنيمــة","1062,1063,1064,1065"
77,356,"ترنيمــة","1065,1066,1067,1068"
77,357,"ترنيمــة","1066,1067,1068,1069"
78,358,"تعــال واسـألنـي","1070,1071,1072,1073"
78,359,"تعــال واسـألنـي","1073,1074,1075,1076"
78,360,"تعــال واسـألنـي","1076,1077,1078,1079"
78,361,"تعــال واسـألنـي","1078,1079,1080,1081"
79,362,"تناهيت الـمحـبّـه","1082,1083,1084,1085"
79,363,"تناهيت الـمحـبّـه","1085,1086,1087,1088"
79,364,"تناهيت الـمحـبّـه","1088,1089,1090,1091"
79,365,"تناهيت الـمحـبّـه","1089,1090,1091,1092"
80,366,"تهاني العيد","1093,1094,1095,1096"
80,367,"تهاني العيد","1096,1097,1098,1099"
80,368,"تهاني العيد","1097,1098,1099,1100"
81,369,"تـوبـــــة","1101,1102,1103,1104"
81,370,"تـوبـــــة","1104,1105,1106,1107"
81,371,"تـوبـــــة","1105,1106,1107,1108"
82,372,"ثقة زايد","1109,1127,1110,1111"
82,373,"ثقة زايد","1111,1112,1113,1114"
82,374,"ثقة زايد","1114,1115,1116,1117"
82,375,"ثقة زايد","1117,1118,1119,1120"
82,376,"ثقة زايد","1120,1121,1122,1123"
82,377,"ثقة زايد","1123,1124,1125,1126"
82,378,"ثقة زايد","1124,1125,1126,1128"
83,379,"ثـلاث ايّـام","1135,1129,1130,1131"
83,380,"ثـلاث ايّـام","1131,1132,1133,1134"
83,381,"ثـلاث ايّـام","1133,1134,1136,1137"
84,382,"ثـمار الهـوى","1138,1139,1140,1141"
84,383,"ثـمار الهـوى","1141,1142,1143,1144"
84,384,"ثـمار الهـوى","1142,1143,1144,1145"
85,385,"جـرح الـصـداقــة","1146,1147,1148,1149"
85,386,"جـرح الـصـداقــة","1149,1150,1151,1152"
85,387,"جـرح الـصـداقــة","1152,1153,1154,1155"
85,388,"جـرح الـصـداقــة","1153,1154,1155,1156"
86,389,"جُودنا ينجَاد منـّه جُود","1157,1158,1159,1160"
86,390,"جُودنا ينجَاد منـّه جُود","1160,1161,1162,1163"
86,391,"جُودنا ينجَاد منـّه جُود","1163,1164,1165,1166"
86,392,"جُودنا ينجَاد منـّه جُود","1166,1167,1168,1169"
86,393,"جُودنا ينجَاد منـّه جُود","1169,1170,1171,1172"
86,394,"جُودنا ينجَاد منـّه جُود","1172,1173,1174,1175"
86,395,"جُودنا ينجَاد منـّه جُود","1175,1176,1177,1178"
87,396,"حـارث البـحـر","1179,1180,1181,1182"
87,397,"حـارث البـحـر","1182,1183,1184,1185"
87,398,"حـارث البـحـر","1185,1186,1187,1188"
87,399,"حـارث البـحـر","1188,1189,1190,1191"
87,400,"حـارث البـحـر","1191,1192,1193,1194"
87,401,"حـارث البـحـر","1194,1195,1196,1197"
87,402,"حـارث البـحـر","1197,1198,1199,1200"
87,403,"حـارث البـحـر","1200,1201,1202,1203"
87,404,"حـارث البـحـر","1203,1204,1205,1206"
87,405,"حـارث البـحـر","1206,1207,1208,1209"
87,406,"حـارث البـحـر","1209,1210,1211,1212"
87,407,"حـارث البـحـر","1212,1213,1214,1215"
87,408,"حـارث البـحـر","1215,1216,1217,1218"
88,409,"حبـال صوتـك","1219,1220,1221,1222"
88,410,"حبـال صوتـك","1222,1223,1224,1225"
88,411,"حبـال صوتـك","1225,1226,1227,1228"
88,412,"حبـال صوتـك","1226,1227,1228,1229"
89,413,"حديقة ورود","1230,1231,1232,1233"
89,414,"حديقة ورود","1233,1234,1235,1236"
89,415,"حديقة ورود","1236,1237,1238,1239"
90,416,"حــرّاس قلــبي","1240,1241,1242,1243"
90,417,"حــرّاس قلــبي","1243,1244,1245,1246"
90,418,"حــرّاس قلــبي","1246,1247,1248,1249"
90,419,"حــرّاس قلــبي","1247,1248,1249,1250"
91,420,"حـصـّــة","1251,1252,1253,1254"
91,421,"حـصـّــة","1254,1255,1256,1257"
91,422,"حـصـّــة","1255,1256,1257,1258"
92,423,"حكـومـة الـحـب","1259,1260,1261,1262"
92,424,"حكـومـة الـحـب","1262,1263,1264,1265"
92,425,"حكـومـة الـحـب","1265,1266,1267,1268"
92,426,"حكـومـة الـحـب","1268,1269,1270,1271"
92,427,"حكـومـة الـحـب","1271,1272,1273,1274"
92,428,"حكـومـة الـحـب","1272,1273,1274,1275"
93,429,"حلـوه مــوت","1276,1277,1278,1279"
93,430,"حلـوه مــوت","1279,1280,1281,1282"
93,431,"حلـوه مــوت","1282,1283,1284,1285"
93,432,"حلـوه مــوت","1285,1286,1287,1288"
93,433,"حلـوه مــوت","1288,1289,1291,1290"
94,434,"حَمَـام الاحـباب","1292,1293,1294,1295"
94,435,"حَمَـام الاحـباب","1295,1296,1297,1298"
94,436,"حَمَـام الاحـباب","1298,1299,1300,1301"
95,437,"حـمايـــم","1302,1303,1304,1305"
95,438,"حـمايـــم","1305,1306,1307,1308"
95,439,"حـمايـــم","1307,1308,1309,1310"
96,440,"خـذ من الشاعر كــــلامه","1311,1312,1313,1314"
96,442,"خـذ من الشاعر كــــلامه","1317,1318,1319,1320"
96,443,"خـذ من الشاعر كــــلامه","1320,1321,1322,1323"
97,444,"خـلاص يعـني","1324,1325,1326,1327"
97,445,"خـلاص يعـني","1327,1328,1329,1330"
97,446,"خـلاص يعـني","1328,1329,1330,1331"
98,447,"دراهـم","1332,1333,1334,1335"
98,448,"دراهـم","1335,1336,1337,1338"
98,449,"دراهـم","1338,1339,1340,1341"
98,450,"دراهـم","1341,1342,1343,1344"
98,451,"دراهـم","1344,1345,1346,1347"
98,452,"دراهـم","1347,1348,1349,1350"
98,453,"دراهـم","1348,1349,1350,1351"
99,454,"دروب الأرانب","1352,1353,1354,1355"
99,455,"دروب الأرانب","1355,1356,1357,1358"
99,456,"دروب الأرانب","1358,1359,1360,1361"
100,457,"دلال و مسند","1362,1363,1364,1365"
100,458,"دلال و مسند","1365,1366,1367,1368"
100,459,"دلال و مسند","1366,1367,1368,1369"
101,460,"دمـوع الـمـحـبّـين","1370,1371,1372,1373"
101,461,"دمـوع الـمـحـبّـين","1373,1374,1375,1376"
101,462,"دمـوع الـمـحـبّـين","1376,1377,1378,1379"
101,463,"دمـوع الـمـحـبّـين","1379,1380,1381,1382"
102,464,"خــير الكــلام","1383,1384,1385,1386"
102,465,"خــير الكــلام","1386,1387,1388,1389"
102,466,"خــير الكــلام","1389,1390,1391,1392"
102,467,"خــير الكــلام","1392,1393,1394,1395"
102,468,"خــير الكــلام","1395,1396,1397,1398"
103,469,"ديــرة الغربـــه","1399,1400,1401,1402"
107,514,"رسالة إلى أمّي","1532,1533,1534,1535"
103,470,"ديــرة الغربـــه","1402,1403,1404,1405"
103,471,"ديــرة الغربـــه","1405,1406,1407,1408"
103,472,"ديــرة الغربـــه","1408,1409,1410,1411"
103,473,"ديــرة الغربـــه","1409,1410,1411,1412"
104,474,"ديمقـراطـي","1413,1414,1415,1416"
104,475,"ديمقـراطـي","1416,1417,1418,1419"
104,476,"ديمقـراطـي","1419,1420,1421,1422"
104,477,"ديمقـراطـي","1422,1423,1424,1425"
104,478,"ديمقـراطـي","1423,1424,1425,1426"
105,479,"ذيب عوى","1427,1428,1429,1430"
105,480,"ذيب عوى","1430,1431,1432,1433"
105,481,"ذيب عوى","1433,1434,1435,1436"
105,482,"ذيب عوى","1436,1437,1438,1439"
105,483,"ذيب عوى","1439,1440,1441,1442"
105,484,"ذيب عوى","1442,1443,1444,1445"
105,485,"ذيب عوى","1445,1446,1447,1448"
105,486,"ذيب عوى","1448,1449,1450,1451"
105,487,"ذيب عوى","1451,1452,1453,1454"
105,488,"ذيب عوى","1454,1455,1456,1457"
105,489,"ذيب عوى","1457,1458,1459,1460"
105,490,"ذيب عوى","1460,1461,1462,1463"
105,491,"ذيب عوى","1463,1464,1465,1466"
105,492,"ذيب عوى","1466,1467,1468,1469"
105,493,"ذيب عوى","1469,1470,1471,1472"
105,494,"ذيب عوى","1472,1473,1474,1475"
105,495,"ذيب عوى","1475,1476,1477,1478"
105,496,"ذيب عوى","1478,1479,1480,1481"
105,497,"ذيب عوى","1481,1482,1483,1484"
105,498,"ذيب عوى","1484,1485,1486,1487"
105,499,"ذيب عوى","1487,1488,1489,1490"
106,500,"رَجُـل مـثـالـي","1491,1492,1493,1494"
106,501,"رَجُـل مـثـالـي","1494,1495,1496,1497"
106,502,"رَجُـل مـثـالـي","1497,1498,1499,1500"
106,503,"رَجُـل مـثـالـي","1500,1501,1502,1503"
106,504,"رَجُـل مـثـالـي","1503,1504,1505,1506"
106,505,"رَجُـل مـثـالـي","1506,1507,1508,1509"
106,506,"رَجُـل مـثـالـي","1509,1510,1511,1512"
106,507,"رَجُـل مـثـالـي","1512,1513,1514,1515"
106,508,"رَجُـل مـثـالـي","1515,1516,1517,1518"
106,509,"رَجُـل مـثـالـي","1518,1519,1520,1521"
106,510,"رَجُـل مـثـالـي","1521,1522,1523,1524"
106,511,"رَجُـل مـثـالـي","1524,1528,1525,1526"
106,512,"رَجُـل مـثـالـي","1528,1525,1526,1527"
107,513,"رسالة إلى أمّي","1529,1530,1531,1532"
107,515,"رسالة إلى أمّي","1535,1536,1537,1538"
108,516,"زايــد","1539,1540,1541,1542"
108,517,"زايــد","1542,1543,1544,1545"
108,518,"زايــد","1543,1544,1545,1546"
109,519,"سريـة فـكـر","1558,1559,1560,1547"
109,520,"سريـة فـكـر","1547,1549,1550,1551"
109,521,"سريـة فـكـر","1551,1552,1553,1554"
109,522,"سريـة فـكـر","1554,1555,1556,1548"
109,523,"سريـة فـكـر","1555,1556,1548,1557"
110,524,"سكـّر زيــاده","1561,1562,1563,1564"
110,525,"سكـّر زيــاده","1564,1565,1566,1567"
110,526,"سكـّر زيــاده","1567,1568,1569,1570"
110,527,"سكـّر زيــاده","1568,1569,1570,1571"
111,528,"سلام تسليم","1572,1573,1574,1575"
111,529,"سلام تسليم","1575,1576,1577,1578"
111,530,"سلام تسليم","1578,1579,1580,1581"
111,531,"سلام تسليم","1581,1582,1583,1584"
111,532,"سلام تسليم","1584,1585,1586,1587"
111,533,"سلام تسليم","1587,1588,1589,1590"
111,534,"سلام تسليم","1589,1590,1591,1592"
112,535,"سـمح الـجـنــاب","1593,1594,1595,1596"
112,536,"سـمح الـجـنــاب","1596,1597,1598,1599"
112,537,"سـمح الـجـنــاب","1599,1600,1601,1602"
112,538,"سـمح الـجـنــاب","1602,1603,1604,1605"
112,539,"سـمح الـجـنــاب","1605,1606,1607,1608"
112,540,"سـمح الـجـنــاب","1608,1609,1610,1611"
112,541,"سـمح الـجـنــاب","1611,1612,1613,1614"
112,542,"سـمح الـجـنــاب","1614,1615,1616,1617"
112,543,"سـمح الـجـنــاب","1615,1616,1617,1618"
113,544,"سؤال","1619,1620,1621,1622"
113,545,"سؤال","1622,1627,1623,1624"
113,546,"سؤال","1623,1624,1625,1626"
114,547,"سيـّــــدي","1628,1629,1630,1631"
114,548,"سيـّــــدي","1631,1632,1633,1634"
114,549,"سيـّــــدي","1634,1635,1636,1637"
115,550,"شاعـــر إرتـجــــالي","1638,1639,1640,1641"
115,551,"شاعـــر إرتـجــــالي","1641,1642,1643,1644"
115,552,"شاعـــر إرتـجــــالي","1644,1645,1646,1647"
115,553,"شاعـــر إرتـجــــالي","1647,1648,1649,1650"
115,554,"شاعـــر إرتـجــــالي","1650,1651,1652,1653"
115,555,"شاعـــر إرتـجــــالي","1651,1652,1653,1654"
116,556,"شـاعـر مشـاعـر","1655,1656,1657,1658"
116,557,"شـاعـر مشـاعـر","1658,1659,1660,1661"
116,558,"شـاعـر مشـاعـر","1661,1662,1663,1664"
116,559,"شـاعـر مشـاعـر","1662,1663,1664,1665"
117,560,"سيّـدي لا عدمنـاك","1666,1667,1668,1669"
117,561,"سيّـدي لا عدمنـاك","1669,1670,1671,1672"
118,562,"شـرق و غـرب","1673,1674,1675,1676"
118,563,"شـرق و غـرب","1674,1675,1676,1677"
119,564,"شيّ ولا شيّ","1678,1679,1680,1681"
119,565,"شيّ ولا شيّ","1681,1682,1683,1684"
119,566,"شيّ ولا شيّ","1683,1684,1685,1686"
120,567,"شـفـّة الصمت","1687,1688,1689,1690"
120,568,"شـفـّة الصمت","1689,1690,1691,1692"
121,569,"شيخـة الغـيد","1693,1694,1695,1696"
121,570,"شيخـة الغـيد","1696,1697,1698,1699"
121,571,"شيخـة الغـيد","1697,1698,1699,1700"
122,572,"شياطينك","1701,1702,1703,1704"
122,573,"شياطينك","1704,1705,1706,1707"
122,574,"شياطينك","1707,1708,1709,1710"
122,575,"شياطينك","1708,1709,1710,1711"
123,576,"صبـري ملـّني","1712,1713,1714,1715"
123,577,"صبـري ملـّني","1715,1716,1717,1718"
123,578,"صبـري ملـّني","1716,1717,1718,1719"
124,579,"صــد و بعاد","1720,1721,1722,1723"
124,580,"صــد و بعاد","1722,1723,1724,1725"
125,581,"صـراحـة","1726,1727,1728,1729"
125,582,"صـراحـة","1729,1730,1731,1732"
125,583,"صـراحـة","1732,1733,1734,1735"
126,584,"ضـرس و نــاب","1736,1737,1738,1739"
126,585,"ضـرس و نــاب","1739,1740,1741,1742"
126,586,"ضـرس و نــاب","1742,1743,1744,1745"
126,587,"ضـرس و نــاب","1745,1746,1747,1748"
126,588,"ضـرس و نــاب","1748,1749,1750,1751"
126,589,"ضـرس و نــاب","1751,1752,1753,1754"
126,590,"ضـرس و نــاب","1754,1755,1756,1757"
126,591,"ضـرس و نــاب","1757,1758,1759,1760"
126,592,"ضـرس و نــاب","1758,1759,1760,1761"
127,593,"طاحت الحِـيـّـه","1762,1763,1764,1765"
127,594,"طاحت الحِـيـّـه","1765,1766,1767,1768"
127,595,"طاحت الحِـيـّـه","1768,1769,1770,1771"
128,596,"طـوية زمـن","1772,1773,1774,1775"
128,597,"طـوية زمـن","1775,1776,1777,1778"
128,598,"طـوية زمـن","1778,1779,1780,1781"
140,647,"فـــــــــــارس","1918,1919,1920,1921"
128,599,"طـوية زمـن","1781,1782,1783,1784"
128,600,"طـوية زمـن","1782,1783,1784,1785"
129,601,"طيّـب القلـب","1786,1787,1788,1789"
129,602,"طيّـب القلـب","1789,1790,1791,1792"
129,603,"طيّـب القلـب","1790,1791,1792,1793"
130,604,"عاتق الـمجد","1794,1795,1796,1797"
130,605,"عاتق الـمجد","1797,1798,1799,1800"
130,606,"عاتق الـمجد","1800,1801,1802,1803"
130,607,"عاتق الـمجد","1803,1804,1805,1806"
130,608,"عاتق الـمجد","1806,1807,1808,1809"
130,609,"عاتق الـمجد","1809,1810,1811,1812"
130,610,"عاتق الـمجد","1810,1811,1812,1813"
131,611,"عـالم ثـاني","1814,1815,1816,1817"
131,612,"عـالم ثـاني","1817,1818,1819,1820"
131,613,"عـالم ثـاني","1819,1820,1821,1822"
132,614,"عـذروبها","1823,1824,1825,1826"
132,615,"عـذروبها","1826,1827,1828,1829"
132,616,"عـذروبها","1827,1828,1829,1830"
133,617,"على الخـطا","1831,1832,1833,1834"
133,618,"على الخـطا","1834,1835,1836,1837"
133,619,"على الخـطا","1835,1836,1837,1838"
134,620,"علـيّ رفـقـــــه","1839,1840,1841,1842"
134,621,"علـيّ رفـقـــــه","1842,1843,1844,1845"
134,622,"علـيّ رفـقـــــه","1845,1846,1847,1848"
134,623,"علـيّ رفـقـــــه","1848,1849,1850,1851"
134,624,"علـيّ رفـقـــــه","1851,1852,1853,1854"
134,625,"علـيّ رفـقـــــه","1854,1855,1856,1857"
134,626,"علـيّ رفـقـــــه","1857,1858,1859,1860"
134,627,"علـيّ رفـقـــــه","1860,1861,1862,1863"
134,628,"علـيّ رفـقـــــه","1861,1862,1863,1864"
135,629,"عوّضـوك بغـيابي","1865,1866,1867,1868"
135,630,"عوّضـوك بغـيابي","1868,1869,1870,1871"
135,631,"عوّضـوك بغـيابي","1869,1870,1871,1872"
136,632,"عين الرضا","1873,1874,1875,1876"
136,633,"عين الرضا","1876,1877,1878,1879"
136,634,"عين الرضا","1878,1879,1880,1881"
137,635,"غصــون قـاف","1882,1883,1884,1885"
137,636,"غصــون قـاف","1885,1886,1887,1888"
137,637,"غصــون قـاف","1887,1888,1889,1890"
138,638,"غــــلا","1891,1892,1893,1894"
138,639,"غــــلا","1894,1895,1896,1897"
138,640,"غــــلا","1897,1898,1899,1900"
138,641,"غــــلا","1900,1901,1902,1903"
138,642,"غــــلا","1901,1902,1903,1904"
139,643,"غـيـــاب","1905,1906,1907,1908"
139,644,"غـيـــاب","1908,1909,1910,1911"
139,645,"غـيـــاب","1911,1912,1913,1914"
139,646,"غـيـــاب","1914,1915,1916,1917"
140,648,"فـــــــــــارس","1921,1922,1923,1924"
141,649,"فخر الاجيال","1925,1926,1927,1928"
141,650,"فخر الاجيال","1928,1929,1930,1931"
141,651,"فخر الاجيال","1931,1932,1933,1934"
141,652,"فخر الاجيال","1934,1935,1936,1937"
141,653,"فخر الاجيال","1937,1938,1939,1940"
141,654,"فخر الاجيال","1940,1941,1942,1943"
141,655,"فخر الاجيال","1943,1944,1945,1946"
141,656,"فخر الاجيال","1946,1947,1948,1949"
141,657,"فخر الاجيال","1949,1950,1951,1952"
141,658,"فخر الاجيال","1952,1953,1954,1955"
141,659,"فخر الاجيال","1955,1956,1957,1958"
142,660,"فـَرض وْ نـفـل","1959,1960,1961,1962"
145,673,"فمـان الله","2000,2001,2002,2003"
142,661,"فـَرض وْ نـفـل","1962,1963,1964,1965"
142,662,"فـَرض وْ نـفـل","1965,1966,1967,1968"
142,663,"فـَرض وْ نـفـل","1967,1968,1969,1970"
143,664,"فـزّ الـشــــبـل","1971,1972,1973,1974"
143,665,"فـزّ الـشــــبـل","1974,1975,1976,1977"
143,666,"فـزّ الـشــــبـل","1977,1978,1979,1980"
143,667,"فـزّ الـشــــبـل","1980,1981,1982,1983"
143,668,"فـزّ الـشــــبـل","1983,1984,1985,1986"
144,669,"فصول عـمـري","1987,1988,1989,1990"
144,670,"فصول عـمـري","1990,1991,1992,1993"
144,671,"فصول عـمـري","1993,1994,1995,1996"
145,672,"فمـان الله","1997,1998,1999,2000"
145,674,"فمـان الله","2003,2004,2005,2006"
145,675,"فمـان الله","2004,2005,2006,2007"
146,676,"فنـون الغـدر","2008,2009,2010,2011"
146,677,"فنـون الغـدر","2011,2012,2013,2014"
146,678,"فنـون الغـدر","2014,2015,2016,2017"
146,679,"فنـون الغـدر","2017,2018,2019,2020"
146,680,"فنـون الغـدر","2018,2019,2020,2021"
147,681,"فهـمت وما فهـمت","2031,2022,2023,2024"
147,682,"فهـمت وما فهـمت","2024,2025,2026,2027"
147,683,"فهـمت وما فهـمت","2027,2028,2029,2030"
147,684,"فهـمت وما فهـمت","2029,2030,2032,2033"
148,685,"في خاطـرك حاجـه","2034,2035,2036,2037"
148,686,"في خاطـرك حاجـه","2037,2038,2039,2040"
148,687,"في خاطـرك حاجـه","2040,2041,2042,2043"
149,688,"قال الـمثـل","2044,2045,2046,2047"
149,689,"قال الـمثـل","2047,2048,2049,2050"
149,690,"قال الـمثـل","2048,2049,2050,2051"
150,691,"قــدّها و قـدود","2052,2053,2054,2055"
150,692,"قــدّها و قـدود","2055,2056,2057,2058"
150,693,"قــدّها و قـدود","2056,2057,2058,2059"
155,713,"قلوبنا قبـرك","2115,2116,2118,2117"
158,730,"قــوس قـــزح","2165,2166,2167,2168"
151,694,"قـراءة مـدى","2060,2061,2062,2063"
151,695,"قـراءة مـدى","2063,2064,2065,2066"
151,696,"قـراءة مـدى","2066,2067,2068,2069"
151,697,"قـراءة مـدى","2069,2070,2071,2072"
151,698,"قـراءة مـدى","2072,2073,2074,2075"
151,699,"قـراءة مـدى","2075,2076,2077,2078"
151,700,"قـراءة مـدى","2076,2077,2078,2079"
152,701,"قصيدة ساجـدة","2080,2081,2082,2083"
152,702,"قصيدة ساجـدة","2083,2084,2085,2086"
152,703,"قصيدة ساجـدة","2086,2087,2088,2089"
153,704,"قـلب صـادق","2090,2091,2092,2093"
153,705,"قـلب صـادق","2093,2094,2095,2096"
153,706,"قـلب صـادق","2094,2095,2096,2097"
154,707,"قلبي وعينـي","2098,2099,2100,2101"
154,708,"قلبي وعينـي","2101,2102,2103,2104"
154,709,"قلبي وعينـي","2102,2103,2104,2105"
155,710,"قلوبنا قبـرك","2106,2107,2108,2109"
155,711,"قلوبنا قبـرك","2109,2110,2111,2112"
155,712,"قلوبنا قبـرك","2112,2113,2114,2115"
156,714,"قنبلة ذريّه","2119,2120,2121,2122"
156,715,"قنبلة ذريّه","2122,2123,2124,2125"
156,716,"قنبلة ذريّه","2125,2126,2127,2128"
156,717,"قنبلة ذريّه","2128,2129,2130,2131"
156,718,"قنبلة ذريّه","2131,2132,2133,2134"
156,719,"قنبلة ذريّه","2134,2135,2136,2137"
156,720,"قنبلة ذريّه","2137,2138,2139,2140"
156,721,"قنبلة ذريّه","2139,2140,2141,2142"
157,722,"قـوس الربـابـة","2143,2144,2145,2146"
157,723,"قـوس الربـابـة","2146,2147,2148,2149"
157,724,"قـوس الربـابـة","2149,2150,2151,2152"
157,725,"قـوس الربـابـة","2152,2153,2154,2155"
157,726,"قـوس الربـابـة","2153,2154,2155,2156"
158,727,"قــوس قـــزح","2157,2158,2159,2160"
158,728,"قــوس قـــزح","2160,2161,2162,2163"
158,729,"قــوس قـــزح","2163,2164,2165,2166"
159,731,"كحل الظــلام","2169,2170,2171,2172"
159,732,"كحل الظــلام","2172,2173,2174,2175"
159,733,"كحل الظــلام","2175,2176,2177,2178"
160,734,"كـحـيـــلان","2179,2180,2181,2182"
160,735,"كـحـيـــلان","2182,2183,2184,2185"
160,736,"كـحـيـــلان","2185,2186,2187,2188"
160,737,"كـحـيـــلان","2188,2189,2190,2191"
160,738,"كـحـيـــلان","2189,2190,2191,2192"
161,739,"كـش مـلك","2193,2194,2195,2196"
161,740,"كـش مـلك","2196,2197,2198,2199"
161,741,"كـش مـلك","2199,2200,2201,2202"
161,742,"كـش مـلك","2201,2202,2203,2204"
162,743,"كـلمة سـلام","2205,2206,2207,2208"
162,744,"كـلمة سـلام","2208,2209,2210,2211"
162,745,"كـلمة سـلام","2209,2210,2211,2212"
163,746,"لا جمـع و لا طـرح","2213,2214,2215,2216"
163,747,"لا جمـع و لا طـرح","2215,2216,2217,2218"
164,748,"لا تــدوّرها","2219,2220,2221,2222"
164,749,"لا تــدوّرها","2222,2223,2224,2225"
164,750,"لا تــدوّرها","2225,2226,2227,2228"
165,751,"لا تسمع ولا توحي","2229,2230,2231,2232"
165,752,"لا تسمع ولا توحي","2232,2233,2234,2235"
165,753,"لا تسمع ولا توحي","2235,2236,2237,2238"
166,754,"لا تغـرّك ضحـكتـي","2239,2240,2241,2242"
166,755,"لا تغـرّك ضحـكتـي","2242,2243,2244,2245"
166,756,"لا تغـرّك ضحـكتـي","2245,2246,2247,2248"
166,757,"لا تغـرّك ضحـكتـي","2248,2249,2250,2251"
166,758,"لا تغـرّك ضحـكتـي","2249,2250,2251,2252"
167,759,"لا تلعن الفـقــر","2253,2254,2255,2256"
167,760,"لا تلعن الفـقــر","2256,2257,2258,2259"
167,761,"لا تلعن الفـقــر","2258,2259,2260,2261"
168,762,"لا تنـدفع","2262,2263,2264,2265"
168,763,"لا تنـدفع","2265,2266,2267,2268"
168,764,"لا تنـدفع","2266,2267,2268,2269"
169,765,"لـبّـيـه","2270,2271,2272,2273"
169,766,"لـبّـيـه","2273,2274,2275,2276"
169,767,"لـبّـيـه","2276,2277,2278,2279"
170,768,"لحن الـمفارق","2280,2281,2282,2283"
170,769,"لحن الـمفارق","2283,2284,2285,2286"
170,770,"لحن الـمفارق","2286,2287,2288,2289"
171,771,"لعـبة زمـن","2290,2291,2292,2293"
171,772,"لعـبة زمـن","2293,2294,2295,2296"
171,773,"لعـبة زمـن","2296,2297,2298,2299"
171,774,"لعـبة زمـن","2299,2300,2301,2302"
171,775,"لعـبة زمـن","2302,2303,2304,2305"
171,776,"لعـبة زمـن","2305,2306,2307,2308"
171,777,"لعـبة زمـن","2308,2309,2310,2311"
171,778,"لعـبة زمـن","2310,2311,2312,2313"
172,779,"للـّه دَرّك","2314,2315,2316,2317"
172,780,"للـّه دَرّك","2317,2318,2319,2320"
172,781,"للـّه دَرّك","2320,2321,2322,2323"
172,782,"للـّه دَرّك","2321,2322,2323,2324"
173,783,"لـم تـــرى","2325,2326,2327,2328"
173,784,"لـم تـــرى","2328,2329,2330,2331"
173,785,"لـم تـــرى","2331,2332,2333,2334"
173,786,"لـم تـــرى","2334,2335,2336,2337"
174,787,"ليـل وراه ليـل","2338,2339,2340,2341"
174,788,"ليـل وراه ليـل","2341,2342,2343,2344"
174,789,"ليـل وراه ليـل","2344,2345,2346,2347"
174,790,"ليـل وراه ليـل","2347,2348,2349,2350"
174,791,"ليـل وراه ليـل","2348,2349,2350,2351"
175,792,"ليه .. وْ كيف .. وْ عن .. وْ من","2352,2353,2354,2355"
175,793,"ليه .. وْ كيف .. وْ عن .. وْ من","2355,2356,2357,2358"
175,794,"ليه .. وْ كيف .. وْ عن .. وْ من","2358,2378,2359,2360"
175,795,"ليه .. وْ كيف .. وْ عن .. وْ من","2360,2361,2362,2363"
175,796,"ليه .. وْ كيف .. وْ عن .. وْ من","2363,2364,2365,2366"
175,797,"ليه .. وْ كيف .. وْ عن .. وْ من","2366,2367,2368,2369"
175,798,"ليه .. وْ كيف .. وْ عن .. وْ من","2369,2370,2371,2372"
175,799,"ليه .. وْ كيف .. وْ عن .. وْ من","2372,2373,2374,2375"
175,800,"ليه .. وْ كيف .. وْ عن .. وْ من","2375,2376,2379,2377"
176,801,"ما كـان له داعـي","2380,2381,2382,2383"
176,802,"ما كـان له داعـي","2383,2384,2385,2386"
176,803,"ما كـان له داعـي","2385,2386,2387,2388"
177,804,"ما يشـلّ الـراس","2389,2390,2391,2392"
177,805,"ما يشـلّ الـراس","2392,2393,2394,2395"
177,806,"ما يشـلّ الـراس","2395,2396,2397,2398"
177,807,"ما يشـلّ الـراس","2397,2398,2399,2400"
178,808,"مدخـل غـرامي","2401,2402,2414,2403"
178,809,"مدخـل غـرامي","2403,2404,2405,2406"
178,810,"مدخـل غـرامي","2406,2407,2408,2409"
178,811,"مدخـل غـرامي","2409,2410,2411,2412"
178,812,"مدخـل غـرامي","2410,2411,2412,2413"
179,813,"مـراجــــــــل","2415,2416,2417,2418"
179,814,"مـراجــــــــل","2418,2419,2420,2421"
180,815,"مرثية زايد","2422,2423,2424,2425"
180,816,"مرثية زايد","2425,2426,2427,2428"
180,817,"مرثية زايد","2428,2429,2430,2431"
181,818,"مريم","2432,2433,2434,2435"
181,819,"مريم","2435,2436,2437,2438"
181,820,"مريم","2438,2439,2440,2441"
181,821,"مريم","2441,2442,2443,2444"
181,822,"مريم","2442,2443,2444,2445"
182,823,"مستحيل أنساك","2446,2447,2448,2449"
182,824,"مستحيل أنساك","2449,2450,2451,2452"
182,825,"مستحيل أنساك","2450,2451,2452,2453"
183,826,"معلّقة الاتحاد","2454,2455,2456,2457"
183,827,"معلّقة الاتحاد","2457,2458,2459,2460"
183,828,"معلّقة الاتحاد","2460,2461,2462,2463"
183,829,"معلّقة الاتحاد","2463,2464,2465,2466"
183,830,"معلّقة الاتحاد","2466,2467,2468,2469"
183,831,"معلّقة الاتحاد","2469,2470,2471,2472"
183,832,"معلّقة الاتحاد","2472,2473,2474,2475"
183,833,"معلّقة الاتحاد","2475,2476,2477,2478"
183,834,"معلّقة الاتحاد","2478,2479,2480,2481"
183,835,"معلّقة الاتحاد","2481,2482,2483,2484"
183,836,"معلّقة الاتحاد","2484,2485,2486,2487"
183,837,"معلّقة الاتحاد","2487,2488,2489,2490"
183,838,"معلّقة الاتحاد","2490,2491,2492,2493"
183,840,"معلّقة الاتحاد","2496,2497,2498,2499"
183,841,"معلّقة الاتحاد","2499,2500,2501,2502"
183,842,"معلّقة الاتحاد","2502,2503,2504,2505"
183,843,"معلّقة الاتحاد","2505,2506,2507,2508"
183,844,"معلّقة الاتحاد","2508,2509,2510,2511"
183,845,"معلّقة الاتحاد","2511,2512,2513,2514"
183,846,"معلّقة الاتحاد","2514,2515,2516,2517"
183,847,"معلّقة الاتحاد","2517,2518,2519,2520"
183,848,"معلّقة الاتحاد","2520,2521,2522,2523"
347,1409,"محمد الدوله","4190,4191"
183,849,"معلّقة الاتحاد","2523,2524,2525,2526"
183,850,"معلّقة الاتحاد","2526,2527,2528,2529"
183,851,"معلّقة الاتحاد","2529,2530,2531,2532"
183,852,"معلّقة الاتحاد","2532,2533,2534,2535"
184,853,"مطار","2536,2537,2538,2539"
184,854,"مطار","2539,2540,2541,2542"
184,855,"مطار","2541,2542,2543,2544"
185,856,"مطر .. مطر","2545,2546,2547,2548"
185,857,"مطر .. مطر","2548,2549,2550,2551"
185,858,"مطر .. مطر","2551,2552,2553,2554"
185,859,"مطر .. مطر","2554,2555,2556,2557"
185,860,"مطر .. مطر","2556,2557,2558,2559"
186,861,"ملاذ عمر","2560,2561,2562,2563"
186,862,"ملاذ عمر","2563,2564,2565,2566"
186,863,"ملاذ عمر","2565,2566,2567,2568"
187,864,"من الف ليله وليله","2569,2570,2571,2572"
187,865,"من الف ليله وليله","2572,2573,2574,2575"
187,866,"من الف ليله وليله","2575,2576,2579,2577"
187,867,"من الف ليله وليله","2576,2579,2577,2578"
188,868,"من حاء ميم إلى نون ألف","2580,2581,2582,2583"
188,869,"من حاء ميم إلى نون ألف","2583,2584,2585,2586"
188,870,"من حاء ميم إلى نون ألف","2586,2587,2588,2589"
189,871,"من عرفته ما ذرفته","2590,2591,2592,2593"
189,872,"من عرفته ما ذرفته","2593,2594,2595,2596"
189,873,"من عرفته ما ذرفته","2596,2597,2598,2599"
189,874,"من عرفته ما ذرفته","2599,2600,2601,2602"
189,875,"من عرفته ما ذرفته","2602,2603,2604,2605"
189,876,"من عرفته ما ذرفته","2604,2605,2606,2607"
190,877,"من هو فزّاع","2608,2609,2610,2611"
190,878,"من هو فزّاع","2611,2612,2613,2614"
190,879,"من هو فزّاع","2614,2615,2616,2617"
191,880,"من يحبك","2618,2619,2620,2621"
191,881,"من يحبك","2621,2622,2623,2624"
191,882,"من يحبك","2623,2624,2625,2626"
192,883,"ميلاد مجد","2627,2628,2629,2630"
192,884,"ميلاد مجد","2630,2631,2632,2633"
192,885,"ميلاد مجد","2632,2633,2634,2635"
193,886,"نبع المحبّه","2636,2637,2638,2639"
193,887,"نبع المحبّه","2639,2640,2641,2642"
193,888,"نبع المحبّه","2640,2641,2642,2643"
194,889,"نخوة قوافي","2644,2645,2646,2647"
194,890,"نخوة قوافي","2647,2648,2649,2650"
194,891,"نخوة قوافي","2650,2651,2652,2653"
194,892,"نخوة قوافي","2653,2654,2655,2656"
194,893,"نخوة قوافي","2656,2657,2658,2659"
194,894,"نخوة قوافي","2659,2660,2661,2662"
194,895,"نخوة قوافي","2662,2663,2664,2665"
194,896,"نخوة قوافي","2663,2664,2665,2666"
195,897,"ندى الريحان","2667,2668,2669,2670"
195,898,"ندى الريحان","2670,2671,2672,2673"
195,899,"ندى الريحان","2671,2672,2673,2674"
196,900,"هذا الشبل من ذاك الأسد","2675,2676,2677,2678"
196,901,"هذا الشبل من ذاك الأسد","2678,2679,2680,2681"
196,902,"هذا الشبل من ذاك الأسد","2681,2682,2683,2684"
196,903,"هذا الشبل من ذاك الأسد","2684,2685,2686,2687"
196,904,"هذا الشبل من ذاك الأسد","2685,2686,2687,2688"
197,905,"هذي طبوعي","2689,2690,2691,2692"
197,906,"هذي طبوعي","2692,2693,2694,2695"
197,907,"هذي طبوعي","2695,2696,2697,2698"
197,908,"هذي طبوعي","2696,2697,2698,2699"
198,909,"هنيّالي","2700,2701,2702,2703"
198,910,"هنيّالي","2703,2704,2705,2706"
198,911,"هنيّالي","2706,2707,2708,2709"
198,912,"هنيّالي","2708,2709,2710,2711"
199,913,"هوا الحريّه","2712,2713,2714,2715"
199,914,"هوا الحريّه","2715,2716,2717,2718"
199,915,"هوا الحريّه","2717,2718,2719,2720"
200,916,"وسمي","2721,2722,2723,2724"
200,917,"وسمي","2724,2725,2726,2727"
201,918,"وضوح الما","2728,2729,2730,2731"
201,919,"وضوح الما","2730,2731,2732,2733"
202,920,"ولا يقدَر يلمّ الشمْل غير القايد الربّان","2734,2735,2736,2737"
202,921,"ولا يقدَر يلمّ الشمْل غير القايد الربّان","2737,2738,2739,2740"
202,922,"ولا يقدَر يلمّ الشمْل غير القايد الربّان","2740,2741,2742,2743"
202,923,"ولا يقدَر يلمّ الشمْل غير القايد الربّان","2743,2744,2745,2746"
202,924,"ولا يقدَر يلمّ الشمْل غير القايد الربّان","2746,2747,2748,2749"
202,925,"ولا يقدَر يلمّ الشمْل غير القايد الربّان","2749,2750,2751,2752"
202,926,"ولا يقدَر يلمّ الشمْل غير القايد الربّان","2752,2753,2754,2755"
202,927,"ولا يقدَر يلمّ الشمْل غير القايد الربّان","2755,2756,2757,2758"
202,928,"ولا يقدَر يلمّ الشمْل غير القايد الربّان","2758,2759,2760,2761"
202,929,"ولا يقدَر يلمّ الشمْل غير القايد الربّان","2760,2761,2762,2763"
203,930,"وين انت ؟","2773,2764,2765,2766"
203,931,"وين انت ؟","2766,2767,2768,2769"
203,932,"وين انت ؟","2769,2770,2771,2772"
203,933,"وين انت ؟","2770,2771,2772,2774"
204,934,"يا أيُّها","2775,2776,2777,2778"
204,935,"يا أيُّها","2778,2779,2780,2781"
204,936,"يا أيُّها","2780,2781,2782,2783"
205,937,"يا أحمد","2784,2785,2786,2787"
205,938,"يا أحمد","2787,2788,2789,2790"
205,939,"يا أحمد","2789,2790,2791,2792"
206,940,"يابن آدم","2793,2794,2795,2796"
206,941,"يابن آدم","2796,2797,2798,2799"
206,942,"يابن آدم","2799,2800,2801,2802"
207,943,"يا حبّني له","2803,2804,2805,2806"
207,944,"يا حبّني له","2806,2807,2808,2809"
207,945,"يا حبّني له","2809,2810,2811,2812"
207,946,"يا حبّني له","2812,2813,2814,2815"
207,947,"يا حبّني له","2815,2816,2817,2818"
207,948,"يا حبّني له","2818,2819,2820,2821"
207,949,"يا حبّني له","2819,2820,2821,2822"
208,950,"يا سلام الله","2823,2824,2825,2826"
208,951,"يا سلام الله","2826,2827,2828,2829"
208,952,"يا سلام الله","2827,2828,2829,2830"
209,953,"يا عيب الشوم","2831,2832,2833,2834"
209,954,"يا عيب الشوم","2834,2835,2836,2837"
209,955,"يا عيب الشوم","2837,2838,2839,2840"
209,956,"يا عيب الشوم","2840,2841,2842,2843"
209,957,"يا عيب الشوم","2843,2844,2845,2846"
209,958,"يا عيب الشوم","2845,2846,2847,2848"
210,959,"يا مشعل القلب","2849,2850,2851,2852"
210,960,"يا مشعل القلب","2852,2853,2854,2855"
210,961,"يا مشعل القلب","2853,2854,2855,2856"
211,962,"يحسب حساب","2857,2858,2859,2860"
211,963,"يحسب حساب","2860,2861,2862,2863"
211,964,"يحسب حساب","2863,2864,2865,2866"
212,965,"يراودك .. و يراودني","2867,2868,2869,2870"
212,966,"يراودك .. و يراودني","2870,2871,2872,2873"
212,967,"يراودك .. و يراودني","2873,2874,2875,2876"
213,968,"يوم الوداع","2877,2878,2879,2880"
213,969,"يوم الوداع","2880,2881,2882,2883"
213,970,"يوم الوداع","2882,2883,2884,2885"
214,971,"إجلس مع نفسك","2886,2887,2888,2889"
214,972,"إجلس مع نفسك","2889,2890,2891,2892"
214,973,"إجلس مع نفسك","2892,2893,2894,2895"
215,974,"سيداتي .. انساتي .. سادتي","2896,2897,2898,2899"
215,975,"سيداتي .. انساتي .. سادتي","2899,2900,2901,2902"
215,976,"سيداتي .. انساتي .. سادتي","2901,2902,2903,2904"
216,977,"الوطن كله... أبوك","2905,2906,2907,2908"
216,978,"الوطن كله... أبوك","2907,2908,2909,2910"
217,979,"مراحل العمر..","2911,2912,2913,2914"
217,980,"مراحل العمر..","2914,2915,2916,2917"
217,981,"مراحل العمر..","2917,2918,2919,2920"
218,982,"حب المطيّه","2921,2922,2923,2924"
218,983,"حب المطيّه","2924,2925,2926,2927"
218,984,"حب المطيّه","2925,2926,2927,2928"
219,985,"ثلاثية نصر","2929,2930,2931,2932"
219,986,"ثلاثية نصر","2932,2933,2934,2935"
219,987,"ثلاثية نصر","2935,2936,2937,2938"
233,1061,"قبـر الشهيـد","3157,3158,3159,3160"
220,1000,"سلام من فزاع لأهل الهجن","2972,2973,2974,2975"
219,988,"ثلاثية نصر","2938,2939,2940,2941"
219,989,"ثلاثية نصر","2941,2942,2943,2944"
219,990,"ثلاثية نصر","2944,2945,2946,2947"
219,991,"ثلاثية نصر","2945,2946,2947,2948"
290,1311,"دعاء","3914,3915"
220,992,"سلام من فزاع لأهل الهجن","2949,2950,2951,2952"
220,993,"سلام من فزاع لأهل الهجن","2952,2953,2954,2955"
220,994,"سلام من فزاع لأهل الهجن","2955,2956,2957,2958"
220,995,"سلام من فزاع لأهل الهجن","2958,2959,2960,2961"
220,996,"سلام من فزاع لأهل الهجن","2961,2962,2963,2964"
220,997,"سلام من فزاع لأهل الهجن","2964,2965,2966,2967"
220,998,"سلام من فزاع لأهل الهجن","2967,2968,2969,2970"
220,999,"سلام من فزاع لأهل الهجن","2970,2971,2972,2973"
221,1001,"يا موحد الدار","2976,2977,2978,2979"
221,1002,"يا موحد الدار","2979,2980,2981,2982"
221,1003,"يا موحد الدار","2982,2983,2984,2985"
222,1004,"ذوق","2986,2987,2988,2989"
222,1005,"ذوق","2988,2989,2990,2991"
223,1006,"اليمامــه","2992,2993,2994,2995"
223,1007,"اليمامــه","2993,2994,2995,2996"
224,1008,"موطن الفخر","2997,2998,2999,3000"
224,1009,"موطن الفخر","3000,3001,3002,3003"
224,1010,"موطن الفخر","3003,3004,3005,3006"
225,1011,"في السما دروب","3007,3008,3009,3010"
225,1012,"في السما دروب","3010,3011,3012,3013"
225,1013,"في السما دروب","3013,3014,3015,3016"
225,1014,"في السما دروب","3016,3017,3018,3019"
225,1015,"في السما دروب","3019,3020,3021,3022"
225,1016,"في السما دروب","3021,3022,3023,3024"
226,1017,"فلم الطهاره","3025,3026,3027,3028"
226,1018,"فلم الطهاره","3028,3029,3030,3031"
226,1019,"فلم الطهاره","3030,3031,3032,3033"
227,1020,"كبريت واحد .. وألف غابـة","3034,3035,3036,3037"
227,1021,"كبريت واحد .. وألف غابـة","3037,3038,3039,3040"
227,1022,"كبريت واحد .. وألف غابـة","3040,3041,3042,3043"
227,1023,"كبريت واحد .. وألف غابـة","3043,3044,3045,3046"
228,1024,"الجار للجـار ..","3047,3048,3049,3050"
228,1025,"الجار للجـار ..","3050,3051,3052,3053"
228,1026,"الجار للجـار ..","3053,3054,3055,3056"
228,1027,"الجار للجـار ..","3056,3057,3058,3059"
228,1028,"الجار للجـار ..","3059,3060,3061,3062"
228,1029,"الجار للجـار ..","3062,3063,3064,3065"
228,1030,"الجار للجـار ..","3065,3066,3067,3068"
228,1031,"الجار للجـار ..","3068,3069,3070,3071"
228,1032,"الجار للجـار ..","3071,3072,3073,3074"
228,1033,"الجار للجـار ..","3074,3075,3076,3077"
228,1034,"الجار للجـار ..","3077,3078,3079,3080"
228,1035,"الجار للجـار ..","3080,3081,3082,3083"
228,1036,"الجار للجـار ..","3083,3084,3085,3086"
228,1037,"الجار للجـار ..","3086,3087,3088,3089"
228,1038,"الجار للجـار ..","3089,3090,3091,3092"
228,1039,"الجار للجـار ..","3091,3092,3093,3094"
229,1040,"واجب الصحبه","3095,3096,3097,3098"
229,1041,"واجب الصحبه","3098,3099,3100,3101"
229,1042,"واجب الصحبه","3100,3101,3102,3103"
230,1043,"مهبط الأحلام","3104,3105,3106,3107"
230,1044,"مهبط الأحلام","3107,3108,3109,3110"
230,1045,"مهبط الأحلام","3110,3111,3112,3113"
230,1046,"مهبط الأحلام","3113,3114,3115,3116"
230,1047,"مهبط الأحلام","3116,3117,3118,3119"
230,1048,"مهبط الأحلام","3119,3120,3121,3122"
230,1049,"مهبط الأحلام","3120,3121,3122,3123"
231,1050,"وجه الحياة الثاني","3124,3125,3126,3127"
231,1051,"وجه الحياة الثاني","3127,3128,3129,3130"
231,1052,"وجه الحياة الثاني","3130,3131,3132,3133"
231,1053,"وجه الحياة الثاني","3133,3134,3135,3136"
231,1054,"وجه الحياة الثاني","3136,3137,3138,3139"
231,1055,"وجه الحياة الثاني","3139,3140,3141,3142"
231,1056,"وجه الحياة الثاني","3140,3141,3142,3143"
232,1057,"انا والبواخر ..","3144,3145,3146,3147"
232,1058,"انا والبواخر ..","3147,3148,3149,3150"
232,1059,"انا والبواخر ..","3150,3151,3152,3153"
233,1060,"قبـر الشهيـد","3154,3155,3156,3157"
233,1062,"قبـر الشهيـد","3160,3161,3162,3163"
233,1063,"قبـر الشهيـد","3163,3164,3165,3166"
233,1064,"قبـر الشهيـد","3166,3167,3168,3169"
233,1065,"قبـر الشهيـد","3169,3170,3171,3172"
275,1270,"حكمة الحطّــاب","3785,3786,3787,3788"
233,1066,"قبـر الشهيـد","3172,3173,3174,3175"
234,1067,"كـلـمـة أخـي","3176,3177,3178,3179"
234,1068,"كـلـمـة أخـي","3179,3180,3181,3182"
234,1069,"كـلـمـة أخـي","3182,3183,3184,3185"
234,1070,"كـلـمـة أخـي","3185,3186,3187,3188"
234,1071,"كـلـمـة أخـي","3188,3189,3190,3191"
234,1072,"كـلـمـة أخـي","3191,3192,3193,3194"
234,1073,"كـلـمـة أخـي","3192,3193,3194,3195"
235,1074,"فكّــر شـوّي","3196,3197,3198,3199"
235,1075,"فكّــر شـوّي","3199,3200,3201,3202"
235,1076,"فكّــر شـوّي","3200,3201,3202,3203"
236,1077,"حكمة الشامخ","3204,3205,3206,3207"
236,1078,"حكمة الشامخ","3207,3208,3209,3210"
236,1079,"حكمة الشامخ","3210,3211,3212,3213"
236,1080,"حكمة الشامخ","3213,3214,3215,3216"
236,1081,"حكمة الشامخ","3216,3217,3218,3219"
236,1082,"حكمة الشامخ","3219,3220,3221,3222"
236,1083,"حكمة الشامخ","3222,3223,3224,3225"
236,1084,"حكمة الشامخ","3223,3224,3225,3226"
237,1085,"ملهم القصيدة","3227,3228,3229,3230"
237,1086,"ملهم القصيدة","3230,3231,3232,3233"
237,1087,"ملهم القصيدة","3233,3234,3235,3236"
237,1088,"ملهم القصيدة","3236,3237,3238,3239"
237,1089,"ملهم القصيدة","3239,3240,3241,3242"
238,1090,"فيها من الخيل","3243,3244,3245,3246"
238,1091,"فيها من الخيل","3246,3247,3248,3249"
238,1092,"فيها من الخيل","3247,3248,3249,3250"
239,1093,"هدهد سليمان","3251,3252,3253,3254"
239,1094,"هدهد سليمان","3254,3255,3256,3257"
239,1095,"هدهد سليمان","3257,3258,3259,3260"
239,1096,"هدهد سليمان","3260,3261,3262,3263"
239,1097,"هدهد سليمان","3263,3264,3265,3266"
239,1098,"هدهد سليمان","3266,3267,3268,3269"
239,1099,"هدهد سليمان","3269,3270,3271,3272"
239,1100,"هدهد سليمان","3272,3273,3274,3275"
239,1101,"هدهد سليمان","3275,3276,3277,3278"
239,1102,"هدهد سليمان","3278,3279,3280,3281"
239,1103,"هدهد سليمان","3281,3282,3283,3284"
239,1104,"هدهد سليمان","3284,3285,3286,3287"
239,1105,"هدهد سليمان","3287,3288,3289,3290"
239,1106,"هدهد سليمان","3290,3291,3292,3293"
239,1107,"هدهد سليمان","3293,3294,3295,3296"
239,1108,"هدهد سليمان","3296,3297,3298,3299"
239,1109,"هدهد سليمان","3299,3300,3301,3302"
239,1110,"هدهد سليمان","3302,3303,3304,3305"
239,1111,"هدهد سليمان","3305,3306,3307,3308"
239,1112,"هدهد سليمان","3308,3309,3310,3311"
240,1113,"أم الإمارات","3312,3313,3314,3315"
240,1114,"أم الإمارات","3315,3316,3317,3318"
319,1365,"نبرة حزن","4068,4069"
240,1115,"أم الإمارات","3316,3317,3318,3319"
241,1116,"إفتـرت","3320,3321,3322,3323"
245,1145,"مْيَدانُ التّفاخُر","3402,3403,3404,3405"
241,1117,"إفتـرت","3323,3324,3325,3326"
241,1118,"إفتـرت","3326,3327,3328,3329"
241,1119,"إفتـرت","3327,3328,3329,3330"
242,1120,"القـادر","3331,3332,3333,3334"
242,1121,"القـادر","3334,3335,3336,3337"
242,1122,"القـادر","3335,3336,3337,3338"
243,1123,"إفهـم مكـانـك","3339,3340,3341,3342"
243,1124,"إفهـم مكـانـك","3342,3343,3344,3345"
243,1125,"إفهـم مكـانـك","3345,3358,3346,3347"
243,1126,"إفهـم مكـانـك","3347,3348,3349,3350"
243,1127,"إفهـم مكـانـك","3350,3351,3352,3353"
243,1128,"إفهـم مكـانـك","3353,3354,3355,3356"
243,1129,"إفهـم مكـانـك","3354,3355,3356,3357"
244,1130,"اعذروا رماح","3359,3360,3361,3362"
244,1131,"اعذروا رماح","3362,3363,3364,3365"
244,1132,"اعذروا رماح","3365,3366,3367,3368"
244,1133,"اعذروا رماح","3368,3369,3370,3371"
244,1134,"اعذروا رماح","3371,3372,3373,3374"
244,1135,"اعذروا رماح","3374,3375,3376,3377"
244,1136,"اعذروا رماح","3375,3376,3377,3378"
245,1137,"مْيَدانُ التّفاخُر","3379,3380,3381,3382"
245,1138,"مْيَدانُ التّفاخُر","3382,3383,3384,3385"
245,1139,"مْيَدانُ التّفاخُر","3385,3386,3387,3388"
245,1140,"مْيَدانُ التّفاخُر","3388,3389,3390,3391"
245,1141,"مْيَدانُ التّفاخُر","3391,3392,3427,3393"
245,1142,"مْيَدانُ التّفاخُر","3393,3394,3395,3396"
245,1143,"مْيَدانُ التّفاخُر","3396,3397,3398,3399"
245,1144,"مْيَدانُ التّفاخُر","3399,3400,3401,3402"
245,1146,"مْيَدانُ التّفاخُر","3405,3406,3407,3408"
245,1147,"مْيَدانُ التّفاخُر","3408,3409,3410,3411"
245,1148,"مْيَدانُ التّفاخُر","3411,3412,3413,3414"
245,1149,"مْيَدانُ التّفاخُر","3414,3415,3416,3417"
245,1150,"مْيَدانُ التّفاخُر","3417,3418,3419,3420"
245,1151,"مْيَدانُ التّفاخُر","3420,3421,3422,3423"
245,1152,"مْيَدانُ التّفاخُر","3423,3424,3425,3426"
245,1153,"مْيَدانُ التّفاخُر","3424,3425,3426,3428"
246,1154,"الـزعيـم الـمُـلْـهِــم","3429,3430,3431,3432"
246,1155,"الـزعيـم الـمُـلْـهِــم","3432,3433,3434,3435"
247,1156,"رد حمدان بن محمد على أبيات:ضاحي خلفان","3436,3437,3438,3439"
247,1157,"رد حمدان بن محمد على أبيات:ضاحي خلفان","3438,3439,3440,3441"
248,1158,"الحـزن راحـه","3442,3443,3444,3445"
248,1159,"الحـزن راحـه","3445,3446,3447,3448"
248,1160,"الحـزن راحـه","3448,3449,3450,3451"
249,1161,"صاحـب الهجـر","3452,3453,3454,3455"
249,1162,"صاحـب الهجـر","3455,3456,3457,3458"
249,1163,"صاحـب الهجـر","3458,3459,3460,3461"
249,1164,"صاحـب الهجـر","3461,3462,3463,3464"
250,1165,"ميـلاد أبوخالـد","3465,3466,3467,3468"
251,1166,"مفهـوم","3469,3470,3471,3472"
251,1167,"مفهـوم","3472,3473,3474,3475"
251,1168,"مفهـوم","3475,3476,3477,3478"
251,1169,"مفهـوم","3478,3479,3480,3481"
251,1170,"مفهـوم","3481,3482,3483,3484"
251,1171,"مفهـوم","3484,3485,3486,3487"
251,1172,"مفهـوم","3487,3488,3489,3490"
251,1173,"مفهـوم","3490,3491,3492,3493"
251,1174,"مفهـوم","3493,3494,3495,3496"
251,1175,"مفهـوم","3496,3497,3498,3499"
251,1176,"مفهـوم","3499,3500,3501,3502"
251,1177,"مفهـوم","3502,3503,3504,3505"
251,1178,"مفهـوم","3505,3506,3507,3508"
251,1179,"مفهـوم","3508,3509,3510,3511"
251,1180,"مفهـوم","3511,3512,3513,3514"
251,1181,"مفهـوم","3514,3515,3516,3517"
251,1182,"مفهـوم","3515,3516,3517,3518"
252,1183,"عام زايد","3519,3520,3521,3522"
252,1184,"عام زايد","3522,3523,3524,3525"
252,1185,"عام زايد","3525,3526,3527,3528"
252,1186,"عام زايد","3528,3529,3530,3531"
252,1187,"عام زايد","3531,3532,3533,3534"
252,1188,"عام زايد","3534,3535,3536,3537"
252,1189,"عام زايد","3537,3538,3539,3540"
253,1190,"الطرشه خليّـه","3541,3542,3543,3544"
253,1191,"الطرشه خليّـه","3544,3545,3546,3547"
253,1192,"الطرشه خليّـه","3545,3546,3547,3548"
254,1193,"تــامر عـليّــه","3549,3550,3551,3552"
254,1194,"تــامر عـليّــه","3552,3553,3554,3555"
254,1195,"تــامر عـليّــه","3553,3554,3555,3556"
255,1196,"زبون الصـبر","3557,3558,3559,3560"
255,1197,"زبون الصـبر","3560,3561,3562,3563"
255,1198,"زبون الصـبر","3563,3564,3565,3566"
255,1199,"زبون الصـبر","3565,3566,3567,3568"
256,1200,"سميّ العود","3569,3570,3571,3572"
256,1201,"سميّ العود","3572,3573,3574,3575"
256,1202,"سميّ العود","3575,3576,3577,3578"
257,1203,"مدّةٍ وافيه","3579,3580,3581,3582"
257,1204,"مدّةٍ وافيه","3582,3583,3584,3585"
257,1205,"مدّةٍ وافيه","3585,3586,3587,3588"
257,1206,"مدّةٍ وافيه","3588,3589,3590,3591"
257,1207,"مدّةٍ وافيه","3590,3591,3592,3593"
258,1208,"وقفة عرفة","3594,3595,3596,3597"
258,1209,"وقفة عرفة","3597,3598,3599,3600"
258,1210,"وقفة عرفة","3600,3601,3602,3603"
258,1211,"وقفة عرفة","3603,3604,3605,3606"
258,1212,"وقفة عرفة","3606,3607,3608,3609"
258,1213,"وقفة عرفة","3609,3610,3611,3612"
259,1214,"الكـبـر لله","3613,3614,3615,3616"
259,1215,"الكـبـر لله","3614,3615,3616,3617"
260,1216,"الورده ارتاحت","3618,3619,3620,3621"
260,1217,"الورده ارتاحت","3621,3622,3623,3624"
261,1218,"قمّـة الإلتحـام","3625,3626,3627,3628"
261,1219,"قمّـة الإلتحـام","3628,3629,3630,3631"
261,1220,"قمّـة الإلتحـام","3631,3632,3633,3634"
261,1221,"قمّـة الإلتحـام","3632,3633,3634,3635"
262,1222,"هــدّاد","3636,3637,3638,3639"
262,1223,"هــدّاد","3639,3640,3641,3642"
262,1224,"هــدّاد","3642,3643,3644,3645"
263,1225,"شنـذاره","3646,3647,3648"
264,1226,"قنيب الذيب","3649,3650,3651,3652"
264,1227,"قنيب الذيب","3652,3653,3654,3655"
264,1228,"قنيب الذيب","3655,3656,3657,3658"
264,1229,"قنيب الذيب","3658,3659,3660,3661"
264,1230,"قنيب الذيب","3661,3662,3663,3664"
265,1231,"ظما","3665,3666,3667,3668"
266,1232,"هامة الـمجد","3669,3670,3671,3672"
266,1233,"هامة الـمجد","3672,3673,3674,3675"
266,1234,"هامة الـمجد","3673,3674,3675,3676"
267,1235,"ثلاثمية قصيدة","3677,3678,3679,3680"
267,1236,"ثلاثمية قصيدة","3680,3681,3682,3683"
267,1237,"ثلاثمية قصيدة","3683,3684,3685,3686"
268,1238,"وقفة عرفات","3687,3688,3689,3690"
268,1239,"وقفة عرفات","3689,3690,3691,3692"
269,1240,"هديل","3693,3694,3695,3696"
269,1241,"هديل","3696,3697,3698,3699"
269,1242,"هديل","3698,3699,3700,3701"
270,1243,"بينـك وبيـنه","3702,3703,3704,3705"
270,1244,"بينـك وبيـنه","3705,3706,3707,3708"
270,1245,"بينـك وبيـنه","3708,3709,3710,3711"
270,1246,"بينـك وبيـنه","3711,3712,3713,3714"
270,1247,"بينـك وبيـنه","3714,3715,3716,3717"
270,1248,"بينـك وبيـنه","3717,3718,3719,3720"
270,1249,"بينـك وبيـنه","3720,3721,3722,3723"
270,1250,"بينـك وبيـنه","3721,3722,3723,3724"
271,1251,"راحت سنه","3725,3726,3727,3728"
272,1252,"خمسين عام قبل و بعـد","3729,3730,3731,3732"
272,1253,"خمسين عام قبل و بعـد","3732,3733,3734,3735"
272,1254,"خمسين عام قبل و بعـد","3735,3736,3737,3738"
272,1255,"خمسين عام قبل و بعـد","3738,3739,3740,3741"
272,1256,"خمسين عام قبل و بعـد","3741,3742,3743,3744"
272,1257,"خمسين عام قبل و بعـد","3744,3745,3746,3747"
272,1258,"خمسين عام قبل و بعـد","3747,3748,3749,3750"
272,1259,"خمسين عام قبل و بعـد","3750,3751,3752,3753"
272,1260,"خمسين عام قبل و بعـد","3753,3754,3755,3756"
272,1261,"خمسين عام قبل و بعـد","3756,3757,3758,3759"
272,1262,"خمسين عام قبل و بعـد","3759,3760,3761,3762"
272,1263,"خمسين عام قبل و بعـد","3762,3763,3764,3765"
272,1264,"خمسين عام قبل و بعـد","3765,3766,3767,3768"
273,1265,"في كل عام !!","3769,3770,3771,3772"
273,1266,"في كل عام !!","3772,3773,3774,3775"
274,1267,"شعار الدولة","3776,3777,3778,3779"
274,1268,"شعار الدولة","3778,3779,3780,3781"
275,1269,"حكمة الحطّــاب","3782,3783,3784,3785"
275,1271,"حكمة الحطّــاب","3787,3788,3789,3790"
276,1272,"محيط افكار","3791,3792,3793,3794"
276,1273,"محيط افكار","3793,3794,3795,3796"
277,1274,"حلاّل الصعـاب","3797,3798,3799,3800"
277,1275,"حلاّل الصعـاب","3800,3801,3802,3803"
277,1276,"حلاّل الصعـاب","3803,3804,3805,3806"
277,1277,"حلاّل الصعـاب","3806,3807,3815,3808"
277,1278,"حلاّل الصعـاب","3808,3809,3810,3811"
277,1279,"حلاّل الصعـاب","3811,3812,3813,3814"
278,1280,"وسـم","3816,3817,3818,3819"
278,1281,"وسـم","3819,3820,3821,3822"
278,1282,"وسـم","3821,3822,3823,3824"
279,1283,"هدهدها","3825,3826,3827,3828"
280,1284,"الظبي","3829,3830,3831,3832"
280,1285,"الظبي","3832,3833,3834,3835"
281,1286,"الشميمي و الخـوي","3836,3837,3838,3839"
281,1287,"الشميمي و الخـوي","3839,3840,3841,3842"
281,1288,"الشميمي و الخـوي","3842,3843,3844,3845"
281,1289,"الشميمي و الخـوي","3845,3846,3847,3848"
282,1290,"هند","3849,3850,3851,3852"
282,1291,"هند","3851,3852,3853,3854"
283,1292,"مزهرية","3855,3856,3857,3858"
283,1293,"مزهرية","3858,3859,3860,3861"
284,1294,"رمز","3862,3863"
285,1295,"الجمعة","3864,3865,3866,3867"
286,1296,"ابو خالد","3868,3869,3870,3871"
287,1297,"الميّت الحي","3872,3873,3874,3875"
287,1298,"الميّت الحي","3875,3876,3877,3878"
287,1299,"الميّت الحي","3878,3879,3880,3881"
287,1300,"الميّت الحي","3881,3882,3883,3884"
287,1301,"الميّت الحي","3882,3883,3884,3885"
288,1302,"عجايب وشنذاره وغيّاث","3886,3887,3888,3889"
288,1303,"عجايب وشنذاره وغيّاث","3889,3890,3891,3892"
288,1304,"عجايب وشنذاره وغيّاث","3892,3893,3894,3895"
288,1305,"عجايب وشنذاره وغيّاث","3895,3896,3897,3898"
288,1306,"عجايب وشنذاره وغيّاث","3898,3899,3900,3901"
288,1307,"عجايب وشنذاره وغيّاث","3901,3902,3903,3904"
288,1308,"عجايب وشنذاره وغيّاث","3904,3905,3906,3907"
288,1309,"عجايب وشنذاره وغيّاث","3906,3907,3908,3909"
289,1310,"ضحى العيد","3910,3911,3912,3913"
291,1312,"درب الشعر","3916,3917,3918,3919"
291,1313,"درب الشعر","3919,3920,3921,3922"
291,1314,"درب الشعر","3922,3923,3924,3925"
292,1315,"عن هنا من هناك","3926,3927,3928,3929"
292,1316,"عن هنا من هناك","3927,3928,3929,3930"
293,1317,"الصورة","3931,3932"
294,1318,"المدينه","3933,3934"
295,1319,"زايد بن حمدان","3935,3936"
298,1324,"فزاع و سفّاح","3948,3949,3950,3951"
296,1320,"صورة مجد","3937,3938,3939"
297,1321,"ما عنه صدود","3940,3941,3942,3943"
297,1322,"ما عنه صدود","3943,3944,3945,3946"
298,1323,"فزاع و سفّاح","3947,3948,3949,3950"
299,1327,"إرادة وطن","3964,3965,3952,3953,3954,3955,3956,3957"
299,1328,"إرادة وطن","3956,3957,3958,3959,3961,3960,3963,3962"
299,1329,"إرادة وطن","3958,3959,3961,3960,3963,3962,3965,3964"
300,1330,"رسالة حزن","3966,3967,3968,3969"
300,1331,"رسالة حزن","3969,3970,3971,3972"
300,1332,"رسالة حزن","3972,3973,3974,3975"
300,1333,"رسالة حزن","3975,3976,3977,3978"
301,1334,"علياء","3979,3980"
302,1335,"خلاّبه","3981,3982,3983,3984"
303,1336,"الديم","3985,3986,3987"
304,1337,"رابع يوم","3988,3989,3990,3991"
304,1338,"رابع يوم","3991,3992,3993,3994"
305,1339,"الشجره","3995,3996"
306,1340,"كويت العز","3997,3998,3999"
307,1341,"بيني وبينك","4000,4001,4002,4003"
307,1342,"بيني وبينك","4003,4004,4005,4006"
307,1343,"بيني وبينك","4004,4005,4006,4007"
308,1344,"من أمس","4008,4009,4010"
309,1345,"ترحيـبة غيـم","4011,4012,4013,4014"
309,1346,"ترحيـبة غيـم","4012,4013,4014,4015"
310,1347,"ما أنبله","4016,4017"
311,1348,"شهر سته","4018,4019,4020,4021"
311,1349,"شهر سته","4020,4021,4022,4023"
312,1350,"ثلاث اعياد","4024,4025"
313,1351,"هذا دلع","4026,4027,4028,4029"
313,1352,"هذا دلع","4027,4028,4029,4030"
314,1353,"لو يضيق الصدر","4031,4032,4033,4034"
314,1354,"لو يضيق الصدر","4034,4035,4036,4037"
314,1355,"لو يضيق الصدر","4037,4038,4039,4040"
315,1356,"أغلى وصل وفراق","4041,4042,4043,4044"
315,1357,"أغلى وصل وفراق","4044,4045,4046,4047"
315,1358,"أغلى وصل وفراق","4045,4046,4047,4048"
316,1359,"الشمس","4049,4050"
317,1360,"أقول لك تم","4051,4052,4053,4054"
317,1361,"أقول لك تم","4054,4055,4056,4057"
317,1362,"أقول لك تم","4057,4058,4059,4060"
318,1363,"شيخة وراشد في ظلالك","4061,4062,4063,4064"
318,1364,"شيخة وراشد في ظلالك","4064,4065,4066,4067"
320,1366,"وجه المجد","4070,4071,4072,4073"
320,1367,"وجه المجد","4071,4072,4073,4074"
321,1368,"ذكرى حديث","4075,4076,4077"
322,1369,"جبال الأرض","4078,4079"
323,1370,"دمع العظيم","4080,4081,4082,4083"
323,1371,"دمع العظيم","4083,4084,4085,4086"
323,1372,"دمع العظيم","4086,4087,4088,4089"
323,1373,"دمع العظيم","4089,4090,4091,4092"
324,1374,"الفخر والعز","4093,4094"
325,1375,"وسام أم الشعب","4095,4096,4097,4098"
326,1376,"أبشّـرك","4099,4100,4101,4102"
326,1377,"أبشّـرك","4102,4103,4104,4105"
327,1378,"إحتضنك المجـد","4106,4107"
328,1379,"سُلْطه و دفتر","4108,4109,4110"
329,1380,"رقّـة طفولتك","4111,4112"
330,1381,"هذا الصغير","4113,4114"
331,1382,"الرويس وغياثي","4115,4116,4117"
332,1383,"يعلمني الرماية","4118,4119,4120,4121"
332,1384,"يعلمني الرماية","4120,4121,4122,4123"
333,1385,"المشكله بين الاثنين","4124,4125,4126,4127"
333,1386,"المشكله بين الاثنين","4127,4128,4129,4130"
334,1387,"في ثانية","4131,4132"
335,1388,"مجاراة لقصيدة ضاحي خلفان","4133,4134,4135,4136"
336,1389,"أهل الرياده","4137,4138,4139"
337,1390,"حاجه","4140,4141"
338,1391,"إدراك","4142,4143"
339,1392,"فكرة شاملة","4144,4145,4146,4147"
339,1393,"فكرة شاملة","4146,4147,4148,4149"
340,1394,"ذكرياتي مَعَ راشد","4150,4151,4152,4153"
340,1395,"ذكرياتي مَعَ راشد","4153,4154,4155,4156"
340,1396,"ذكرياتي مَعَ راشد","4156,4157,4158,4159"
340,1397,"ذكرياتي مَعَ راشد","4157,4158,4159,4160"
341,1398,"سيد المجد","4161,4162,4163"
342,1399,"سؤالك غلط","4164,4174,4165,4166"
342,1400,"سؤالك غلط","4166,4167,4168,4175"
342,1401,"سؤالك غلط","4175,4169,4170,4171"
342,1402,"سؤالك غلط","4170,4171,4172,4173"
343,1403,"حاضر ومستقبل","4176,4177"
345,1405,"قوارب","4180,4181"
346,1406,"الله لنا","4182,4183,4184,4185"
346,1407,"الله لنا","4185,4186,4187,4188"
346,1408,"الله لنا","4186,4187,4188,4189"
348,1410,"نعمه من الله","4192,4193"
349,1411,"زايد وجابر","4194,4195,4196"
350,1412,"وفا","4197,4198,4199"
351,1413,"أبـو","4200,4201,4202"
23,116,"إيمـــان الشـــعوب","348,349,350,351"
352,1415,"أميرة قلوب الأنقياء","4206,4207,4208,4209"
352,1416,"أميرة قلوب الأنقياء","4209,4210,4211,4212"
352,1417,"أميرة قلوب الأنقياء","4210,4211,4212,4213"
344,1404,"الغزالة","4178,4179"
299,1325,"إرادة وطن","3952,3954,3956,3958"
299,1326,"إرادة وطن","3958,3960,3962,3964"
1,1,"لا تسال مجرب","1,2,3,4"
352,1414,"أميرة قلوب الأنقياء","4203,4204,4205,4206"
