MultipleSingers,PoemId,PoemAudio,PoemThumbUrl,Date
"[1, 2]",1,https://www.youtube.com/watch?v=n5dR8hY9NRo,https://drive.google.com/uc?id=1G52tVpDOUsZHyBCOU-DwyQpMjdBAdi_c&export=download,2012
"[1, 3]",2,https://www.youtube.com/watch?v=g43mbNGxiSk,https://drive.google.com/uc?id=1m2n6EmD3FXbCbR1J2oMrXLWm7y4WJDHI&export=download,2009
"[1, 4]",4,https://www.youtube.com/watch?v=MpHlpNuLr2U,https://drive.google.com/uc?id=1p22SDsV64Kv8h4r8Y4Kdz66wVzGMjxj9&export=download,2011
[5],5,https://www.youtube.com/watch?v=PFTvSbR87SE,https://drive.google.com/uc?id=1UhQOq5t8Ieow-5InLeLoO5uhJNFdwDC4&export=download,2022
[1],6,https://www.youtube.com/watch?v=nw9yG5prjUY,https://drive.google.com/uc?id=1625Gi_Vj8Tt0WyWmSFnWo67resA8Ktag&export=download,2015
"[2, 6]",12,https://www.youtube.com/watch?v=ofkceALh_po,https://drive.google.com/uc?id=1BM80-zo723FwNK7Ib3NOdU64F-IUrY9N&export=download,2010
"[6, 7]",14,https://www.youtube.com/watch?v=75hOZr3tc_w,https://drive.google.com/uc?id=1pbYQBsmO06BneO19T2iLtRPZ3XNA965b&export=download,2014
[8],15,https://www.youtube.com/watch?v=4ipBiQSkVxA,https://drive.google.com/uc?id=1wWeA12PhlhTM5lZB4dqQ6NAl_6PEl357&export=download,2016
[1],17,https://www.youtube.com/watch?v=D3rWSpEKFKE,https://drive.google.com/uc?id=1cW4nUN2temz7gVI3jyxFXP2E3-H1ns0f&export=download,2015
[7],18,https://www.youtube.com/watch?v=Ewq79h3_e9c,https://drive.google.com/uc?id=10XiaCsepGXUijZ8M9HiqGNkIkZTpELsM&export=download,2014
[4],21,https://www.youtube.com/watch?v=Z34o6SLRqD4,https://drive.google.com/uc?id=1GIVob-PyhsuXbPu5LF5IW3kZOfHutBNh&export=download,2022
[28],24,https://www.youtube.com/watch?v=24CFP2O7TbA,https://drive.google.com/uc?id=19W33SDLfus1C5biq7CtmULgpGQq-3OMg&export=download,2021
"[9, 10]",25,https://www.youtube.com/watch?v=pFpjmvQu8YM,https://drive.google.com/uc?id=1HH4iEyluNU__VGxsieF3eX_Pizf-bCZj&export=download,2011
[9],26,https://www.youtube.com/watch?v=8f7gDCVTOyw,https://drive.google.com/uc?id=1yDzFrAFTJbzaZaXSzIENIdbJwEp2Gufd&export=download,2014
[10],27,https://www.youtube.com/watch?v=GeDnIW42hlA,https://drive.google.com/uc?id=1yzIjOUPpPXRNE43hlhq12kxpOuhaRvQA&export=download,2022
[11],31,https://www.youtube.com/watch?v=6-g409woOB8,https://drive.google.com/uc?id=1ZZvVgYFPSyd-2ZqLEo7Y1n4GHv3VxuKU&export=download,2002
"[2, 9]",32,https://www.youtube.com/watch?v=NbZMR0ElU24,https://drive.google.com/uc?id=1skOLw29Pw5mwVoJo3g3f8G3IkOQl7ghX&export=download,2004
[9],33,https://www.youtube.com/watch?v=hOpDxt2iXD0,https://drive.google.com/uc?id=1ojFYjoTb6yW2v18T7HbarD3eIJlTteqD&export=download,2022
[2],34,https://www.youtube.com/watch?v=-Mk1mxLp5xM,https://drive.google.com/uc?id=1TAyYPoTqcXXv4ifm9tKUbvLXLPbDo32O&export=download,2015
[12],38,https://www.youtube.com/watch?v=nws0D5Uv2-U,https://drive.google.com/uc?id=1jhYq1ptIdQS9DrQj5PQpgQmtWQy8Ep5b&export=download,2020
"[11, 13]",39,https://www.youtube.com/watch?v=mac9lYEymQY,https://drive.google.com/uc?id=10JHhcTgqs3M0BPWPiOH-bqWq2eTlTbaH&export=download,2012
[1],43,https://www.youtube.com/watch?v=CeEltDzmC4g,https://drive.google.com/uc?id=1wdYslWlMaduNCijTnEpKoewjjz-LXVOE&export=download,2015
[6],50,https://www.youtube.com/watch?v=nJ-fmu6WDHU,https://drive.google.com/uc?id=1pUQpfeMDAOe0gvqrdnoVlDhgoV2HHkVH&export=download,2015
[14],52,https://www.youtube.com/watch?v=qARNDxsOS-c,https://drive.google.com/uc?id=1InYcY_Eq2tQMQE0cfg7Ew5RVQGmA0Mw_&export=download,2022
[10],54,https://www.youtube.com/watch?v=q_8ZKaaasA0,https://drive.google.com/uc?id=1igw-0eFJ2t9eHS4uC0JOsgHBPDBGxd6q&export=download,2016
[2],56,https://www.youtube.com/watch?v=gWEz1Ors_8o,https://drive.google.com/uc?id=14jQWSW0aBKE8Ym5APRSfW5eMYMoOgeDo&export=download,2022
"[4, 15]",60,https://www.youtube.com/watch?v=asGi6gPU0Nw,https://drive.google.com/uc?id=1YpZ9QHcBl8th2R5JOlizyEF9UOoKYkYg&export=download,2022
[13],65,https://www.youtube.com/watch?v=0c7YVN_I250,https://drive.google.com/uc?id=1gvsYFKEWFE1v5WhSrDJvq69i1xWb6AA6&export=download,2015
[14],67,https://www.youtube.com/watch?v=YPi5lcOz_Hk,https://drive.google.com/uc?id=1L4pZ2_S4C9K2fO31OeGAfiS275zn8-pB&export=download,2022
[2],68,https://www.youtube.com/watch?v=wHD8L6fDl4Y,https://drive.google.com/uc?id=118gpXWJinHn8WKsptDoQjXgF3Um2b00H&export=download,2013
[2],70,https://www.youtube.com/watch?v=KcZoFI77WBM,https://drive.google.com/uc?id=1j7TR6fbcqtSyBB9gDT0rvTPPWPh14ZQc&export=download,2018
[2],71,https://www.youtube.com/watch?v=req6w_B_lYg,https://drive.google.com/uc?id=1reiQ28rEWftHelCUbN1WBmh0TTnN5kxA&export=download,2018
"[1, 4]",77,https://www.youtube.com/watch?v=esFz-FZr5QY,https://drive.google.com/uc?id=1T4yfDZ0swPXZOG3pVvKFw8ZXEyaHnvSO&export=download,2022
[4],78,https://www.youtube.com/watch?v=Q3tD7lb_Nag,https://drive.google.com/uc?id=1W2QkuQyr9aaQU9-JVvup1jEFlFx-na0I&export=download,2024
[10],79,https://www.youtube.com/watch?v=ttqVahyxxV0,https://drive.google.com/uc?id=1IftCh0XK4WctXsVLT1MdmuuUntlo_69_&export=download,2016
[2],80,https://www.youtube.com/watch?v=XLvcsaHN1S0,https://drive.google.com/uc?id=1PpVgkmO_tZbbb8yhb4Sg1GOwHt-xZavL&export=download,2006
[2],81,https://www.youtube.com/watch?v=7H7Z6OM-nuA,https://drive.google.com/uc?id=1MyxsJDDTocxTeCDkojhybrCB85Kn6wRw&export=download,2018
[9],83,https://www.youtube.com/watch?v=-3NVvOBEiQU,https://drive.google.com/uc?id=12xiQ2VuUaxj8znz9xyKZp-bK8NWDOG_P&export=download,2005
[11],84,https://www.youtube.com/watch?v=NtU8xGaSHHE,https://drive.google.com/uc?id=1MlRrC2Scd1HNNC62neOP6V60l41EEKsb&export=download,2021
[10],92,https://www.youtube.com/watch?v=lmdmIMdIpo4,https://drive.google.com/uc?id=1JRzKf61pYqcAIlwIbfbh-twlE2ZUbEcR&export=download,2016
[2],93,https://www.youtube.com/watch?v=qsknrX27lX8,https://drive.google.com/uc?id=1s_LwcU1LKBCm9oT55V73UFcqsiQef6bz&export=download,2013
[1],94,https://www.youtube.com/watch?v=UxJzmKX1N20,https://drive.google.com/uc?id=1ycjtV4ft6SfI8bU9KNLrHj1aI700Ahbw&export=download,2011
[4],95,https://www.youtube.com/watch?v=Ycc55bLsfGw,https://drive.google.com/uc?id=1hZh42TOVhgmn1pRs1GL4g6kQzoHAlnJr&export=download,2022
[4],97,https://www.youtube.com/watch?v=bmHcJpNDj1g,https://drive.google.com/uc?id=14H5qb1i5lLKsY-gPVuvDl3aLJlIqbAOc&export=download,2022
[2],98,https://www.youtube.com/watch?v=20b2tT3S70Q,https://drive.google.com/uc?id=1aYyZBsEqW8J2niYwVoNSpc5BEgBc2ARt&export=download,2013
[2],100,https://www.youtube.com/watch?v=wNt7lfzpUYM,https://drive.google.com/uc?id=1PzD3fpiOBeBwBzyjaiE4XTmnk6IefSUZ&export=download,2015
[4],101,https://www.youtube.com/watch?v=tqU1oRrW8bo,https://drive.google.com/uc?id=1sH07LsNoEkYi7SHPEwXN3tKbTdJ-GccR&export=download,2022
"[1, 6]",102,https://www.youtube.com/watch?v=fN8xtn6aqzU,https://drive.google.com/uc?id=1t-2Z9urXCPCaqr4mpw-zYRZgVAmWsD9f&export=download,2011
[15],103,https://www.youtube.com/watch?v=0FIc95TmnIk,https://drive.google.com/uc?id=1X6uJozyNbc2lsr7JDzWhlCU8a2ZkSt-i&export=download,2007
[16],110,https://www.youtube.com/watch?v=S_IDHt3xUSo,https://drive.google.com/uc?id=1GoB_-5jI62nRYoEZ3x5TBGsRYuo2Ulyn&export=download,2010
[2],115,https://www.youtube.com/watch?v=uDNHyKTaVLI,https://drive.google.com/uc?id=1eHorvC8CQaEFN4-e0OvpDRy7Sfc7ktbF&export=download,2018
[2],122,https://www.youtube.com/watch?v=hLyrJlNH0mo,https://drive.google.com/uc?id=1JpMoxUHRKD1W1ya_kp8zIxlBteZSkKoy&export=download,2005
[2],123,https://www.youtube.com/watch?v=eJtajsqSPAY,https://drive.google.com/uc?id=1VW_U37pvCVgp5G2w9tQ6jj57AP8VFihV&export=download,2004
[17],124,https://www.youtube.com/watch?v=LL1uYii_6PQ,https://drive.google.com/uc?id=1HaY3ViUPAAX104l5zouOXFUUhxcSKj6D&export=download,2022
[15],125,https://www.youtube.com/watch?v=Dh66rIneLWM,https://drive.google.com/uc?id=1iHjPpkxgMjPKngtX8w1T9M5VBWyQZKOH&export=download,2012
[2],127,https://www.youtube.com/watch?v=BuL8DgX20M0,https://drive.google.com/uc?id=1iCu3EwGspmTf8_S4IkWblBi-I4qRtjqE&export=download,2018
[4],129,https://www.youtube.com/watch?v=FXqrO3iu2lk,https://drive.google.com/uc?id=1pgCxApKYfuE-HH1Jod-ijOFVeAhIDlI6&export=download,2022
[2],133,https://www.youtube.com/watch?v=q22SUvfKq1w,https://drive.google.com/uc?id=1P84lneeFP6QULl8bDRQkwOjqZlBOxuHt&export=download,2019
"[2, 4]",136,https://www.youtube.com/watch?v=bmYGxAyTWQA,https://drive.google.com/uc?id=13vWS3Iv6Lz4WNIC8En19XhR9fDEO9-P1&export=download,2022
[4],138,https://www.youtube.com/watch?v=zPCfjf23p7s,https://drive.google.com/uc?id=162-17iTHloHk_fDTC3c02tZ8md4WbViW&export=download,2022
[2],139,https://www.youtube.com/watch?v=K-VZL0OE_X4,https://drive.google.com/uc?id=1ClODnNFbDo9r2-D1xWRYm9565pwQkIq-&export=download,2018
[9],140,https://www.youtube.com/watch?v=hxyj7lFg4i4,https://drive.google.com/uc?id=1h5dDl9t8LcaOLmbPbjWebpkBQT2Ds5sZ&export=download,2024
[1],141,https://www.youtube.com/watch?v=pR10xYrVLsg,https://drive.google.com/uc?id=1zDc7o2kIhOq3t1_CtkMytGj9GhqoDLZ3&export=download,2025
"[2, 13]",144,https://www.youtube.com/watch?v=DUSvpG6cjn8,https://drive.google.com/uc?id=18F7Zhk6dO0hKBs811alOftdxyRTD71FW&export=download,2015
[10],145,https://www.youtube.com/watch?v=g0FXUWrANbs,https://drive.google.com/uc?id=1EnkvzMWpRZ7CkhUJ9lc8_xlhmo6vtKgy&export=download,2016
[4],146,https://www.youtube.com/watch?v=An1O9bzUgNU,https://drive.google.com/uc?id=1kn-vOrXHLeA2qpk1t_YXwjoVNcz05PZT&export=download,2022
[2],148,https://www.youtube.com/watch?v=Ecv7VumOhbo,https://drive.google.com/uc?id=1-JUajcoYRuUkcbNXUBV2U3UQB2MJ92Nz&export=download,2018
[11],154,https://www.youtube.com/watch?v=mK9EYTLzPdk,https://drive.google.com/uc?id=1z43ILKkYlPSzAEk7Mi5siPA-VSKOVj99&export=download,2013
[8],157,https://www.youtube.com/watch?v=Jc1x0604jNE,https://drive.google.com/uc?id=1MErpRL1PnE1NQmzJibIBDIbhHmAWcxyc&export=download,2022
"[3, 6]",159,https://www.youtube.com/watch?v=on2Y-Ovm9SA,https://drive.google.com/uc?id=1K4vGOQg3-HdLo1Lvvyd41sXEB67fmcMP&export=download,2022
"[10, 15, 16]",163,https://www.youtube.com/watch?v=0r_BbCMKQuY,https://drive.google.com/uc?id=1CXnXrXtHwpXno_7LXLlv7gQEzCLRXjZO&export=download,2016
[6],165,https://www.youtube.com/watch?v=jgsZhtBMiPk,https://drive.google.com/uc?id=1HjDQgZ1jOiZ2gTWhGsA2OZtojSCw3589&export=download,2022
[2],166,https://www.youtube.com/watch?v=6aSlb1mWPrQ,https://drive.google.com/uc?id=1JoXqjPaB5OVtMYnP6BnjeJ5mwIerurN6&export=download,2013
[4],169,https://www.youtube.com/watch?v=MHzwkSDaGYM,https://drive.google.com/uc?id=10EXxH71_yI--zLLLAenHkuOJSOfclgaZ&export=download,2022
[18],170,https://www.youtube.com/watch?v=vvqZ8FzaJLk,https://drive.google.com/uc?id=1rkJ6nODHTWnzD8wB6tlBx08fk-jdhoKH&export=download,2020
[10],176,https://www.youtube.com/watch?v=b4vTfP5MTSQ,https://drive.google.com/uc?id=1VA4A81lZNZVALv6054FEIzxSswBfsPf8&export=download,2016
[2],178,https://www.youtube.com/watch?v=X0etTtWvWbQ,https://drive.google.com/uc?id=1-ji_OapzRWojtfOxDvtnF5A0gTJAx34Z&export=download,2015
[14],181,https://www.youtube.com/watch?v=qARNDxsOS-c,https://drive.google.com/uc?id=1ih75sV0i9vKgGPe-jWI4NOgLjgRLeEU8&export=download,2022
[6],184,https://www.youtube.com/watch?v=rubYnkXYXW0,https://drive.google.com/uc?id=1Xk7BPusM5nC0k9nNPcOVE8UDbkptTOm7&export=download,2022
[4],185,https://www.youtube.com/watch?v=GF_wyJZ3_Ak,https://drive.google.com/uc?id=156RVogLYyGisfzRQIilR5ZIvyiCrlnSS&export=download,2022
[9],187,https://www.youtube.com/watch?v=RdM6Na9W6q4,https://drive.google.com/uc?id=17rdziJwXP00oSmDi3JeRvpzZM-sxGJHR&export=download,2022
[19],191,https://www.youtube.com/watch?v=fMkSa9kIcxA,https://drive.google.com/uc?id=1SOHlycyVnTvPd8tPCbDX2T3elDWo1eR1&export=download,2002
[2],197,https://www.youtube.com/watch?v=RRWZXVLpddY,https://drive.google.com/uc?id=1Z7eBpv1bjhA0KcGwbpIAoaSbEt-Hw30G&export=download,2013
[20],199,https://www.youtube.com/watch?v=oYikh5kTAc4,https://drive.google.com/uc?id=10nwmsTkx--AsP7qJuvaGNoZgynSnKQbV&export=download,2022
[10],204,https://www.youtube.com/watch?v=5hO_OAj7Zgc,https://drive.google.com/uc?id=1Kg0b_r4rLkJHJOapbXKxnbZoy8GAwtvR&export=download,2022
[9],205,https://www.youtube.com/watch?v=d6CpnfWyU0U,https://drive.google.com/uc?id=1Oghd82UnMdH-bujK6VZGJppw9am4IZ2z&export=download,2015
[21],206,https://www.youtube.com/watch?v=nbfzQuRbMN0,https://drive.google.com/uc?id=1X0E0hLQQ5WVb8nv3aE6qaN87hgTTGubv&export=download,2022
[5],215,https://www.youtube.com/watch?v=uzM4zaiWVCk,https://drive.google.com/uc?id=1WnqkmHQ57PrYY_9LH8jzfqFSTfY6jkvQ&export=download,2022
[22],227,https://www.youtube.com/watch?v=p2ZDxVWf6XU,https://drive.google.com/uc?id=1vxsy2yBvY_wj3EqeJj4AoaNdo1SU4VnE&export=download,2022
[1],232,https://www.youtube.com/watch?v=UlnTkzFQYfI,https://drive.google.com/uc?id=1LNYHObbyKllvFoKQYzGjVrq4NLYk0rHI&export=download,2015
[10],249,https://www.youtube.com/watch?v=48XwDbN4Bzc,https://drive.google.com/uc?id=1px-0lGjPHD1arjdScbEHNOUj_XBOgUDB&export=download,2017
[1],255,https://www.youtube.com/watch?v=Pu69IrrW7a0,https://drive.google.com/uc?id=1_rHuMOCIwYaSIeL2sPmO0FYUwkLIpkXu&export=download,2017
[1],260,https://www.youtube.com/watch?v=CJbl5M2RdfQ,https://drive.google.com/uc?id=1waGzDiUGH_4N_UjWycqFS5x0rUTVvIIZ&export=download,2023
[13],281,https://www.youtube.com/watch?v=MgolzyCZgWI,https://drive.google.com/uc?id=1u1mZHULdzkdaSm3weeKC8D8SDDcauQ8z&export=download,2020
[2],283,https://www.youtube.com/watch?v=_yDwNAX7kTQ,https://drive.google.com/uc?id=1NDxiPXj-s573LUaritE7tRuDtycSHVgq&export=download,2023
[1],291,https://www.youtube.com/watch?v=2gR-aMOhAkw,https://drive.google.com/uc?id=10lAehS_ZqpFknDe04SNxwcWbcquxvTwl&export=download,2021
[22],297,https://www.youtube.com/watch?v=WlPQ6LzLfow,https://drive.google.com/uc?id=1VJdtqJMBJxk314WnkGfKwTF9I7tufnOi&export=download,2021
[9],304,https://www.youtube.com/watch?v=diCTnKQ1-NA,https://drive.google.com/uc?id=1Kf7urT0qq-ZDryoqE5ITUebALzDzUabJ&export=download,2024
[16],305,https://www.youtube.com/watch?v=OG02kwWSxL8,https://drive.google.com/uc?id=1rVvBvjgFFa3oLKtKWfOPVIEYk2WVHVV2&export=download,2022
[1],307,https://www.youtube.com/watch?v=LL1FsPECGyY,https://drive.google.com/uc?id=1ZTUSWdqlkhjho1BreWZ2yNRzSzzm2EYH&export=download,2022
[22],309,https://www.youtube.com/watch?v=n_rMzfnGbYo,https://drive.google.com/uc?id=1CPMlIXuLIN3qbJYTtH8H8fjkExOwOADM&export=download,2022
[23],314,https://www.youtube.com/watch?v=EL9vWnl-DVI,https://drive.google.com/uc?id=1aSkuNtmuuKH7_HKmUVUu2ubTRqdzCzae&export=download,2022
[19],315,https://www.youtube.com/watch?v=OAlSSQi49-8,https://drive.google.com/uc?id=17zTvpxeP4O3q-2Ljm6vaRA10TveL6CRZ&export=download,2022
[4],323,https://www.youtube.com/watch?v=2gcwIo3iB1c,https://drive.google.com/uc?id=1jdItffvP3BD_dTueAHMfwKfudjY3FSXl&export=download,2025
[8],328,https://www.youtube.com/watch?v=_G24GFXnVpk,https://drive.google.com/uc?id=1Q8wLA9DqJWWCO0kyWxIJIxrLZ_yuqXmY&export=download,2022
[24],352,https://www.youtube.com/watch?v=2O32UPkAVTw,https://drive.google.com/uc?id=1hNH0D5XRjlqm4OXbYhK1Gru3lO7_q9Ha&export=download,2025
[10],354,https://www.youtube.com/watch?v=_-kHBDwCoOc,New Entry,2025
[2],355,https://www.youtube.com/watch?v=kE-Zy77MZLM,New Entry,2006
[9],356,https://www.youtube.com/watch?v=7SnOQfUu7H4,New Entry,2024
[4],357,https://www.youtube.com/watch?v=PclgUb0Az-0,New Entry,2022
[4],358,https://www.youtube.com/watch?v=C6evnjuLuDE,New Entry,2009
[4],359,https://www.youtube.com/watch?v=DU6zMdPw1K4,New Entry,2009
[4],360,https://www.youtube.com/watch?v=TBGC9vf1vEk,New Entry,2009
[4],361,https://www.youtube.com/watch?v=A5eloCDQfzQ,New Entry,2009
[24],362,https://www.youtube.com/watch?v=bc2QLYyq27U,New Entry,2023
[10],363,https://www.youtube.com/watch?v=HzdFZA5KEgs,New Entry,2022
[10],364,https://www.youtube.com/watch?v=xUvLMI6YRE8,New Entry,2022
[10],365,https://www.youtube.com/watch?v=6SIKvcsLUp8,New Entry,2022
[10],366,https://www.youtube.com/watch?v=4j0ocPJ469s,New Entry,2009
[10],367,https://www.youtube.com/watch?v=-PVNwi_Zryc,New Entry,2015
"[9, 10]",368,https://www.youtube.com/watch?v=i6HuQWvZ9Hk,New Entry,2022
[9],369,https://www.youtube.com/watch?v=XOyimIX94HE,New Entry,2009
[10],370,https://www.youtube.com/watch?v=XXi83bKUD9k,New Entry,2016
"[9, 10]",371,https://www.youtube.com/watch?v=kwfin7sjaYQ,New Entry,2015
[25],372,https://www.youtube.com/watch?v=6wBe6shkggw,New Entry,2022
[2],373,https://www.youtube.com/watch?v=NPcUEix9pPc,New Entry,2008
[26],374,https://www.youtube.com/watch?v=kVvLWqMuu5o,New Entry,2020
[19],375,https://www.youtube.com/watch?v=OAlSSQi49-8,New Entry,2022
"[2, 4]",376,https://www.youtube.com/watch?v=ZAAVDNSbjv0,New Entry,2007
"[5, 7]",377,https://www.youtube.com/watch?v=5oOecWhXtkQ,New Entry,2022
[2],378,https://www.youtube.com/watch?v=yx9qsCk8C2w,New Entry,2009
[22],379,https://www.youtube.com/watch?v=aMEF1mkIHSA,New Entry,2018
[10],380,https://www.youtube.com/watch?v=RKe2udXM1NY,New Entry,2008
[1],381,https://www.youtube.com/watch?v=WA3DkU-C040,New Entry,2008
[1],382,https://www.youtube.com/watch?v=YxJnKgm9VqA,New Entry,2009
[2],383,https://www.youtube.com/watch?v=Q7oeyhD3OwQ,New Entry,2009
[2],384,https://www.youtube.com/watch?v=1ipBCTD95nY,New Entry,2008
"[10, 1, 15, 2, 27, 13]",385,https://www.youtube.com/watch?v=Ivrfz7CTYp8,New Entry,2014
[4],386,https://www.youtube.com/watch?v=Z34o6SLRqD4,New Entry,2022
[8],387,https://www.youtube.com/watch?v=2BwaKqvPD2E,New Entry,2022
[28],388,https://www.youtube.com/watch?v=IcedP3xaVQk,New Entry,2025
[28],389,https://www.youtube.com/watch?v=XvgzeRmcaig ,New Entry,2019