Id,Title,Audio,Video,Audio2
3,ثــلاث مـرّات,PoetryMedia\3\3_audio_1.mp3,,
5,يتيم,PoetryMedia\5\5_audio_1.mp3,,
9,قصر زعبيل,PoetryMedia\9\9_audio_1.mp3,,
11,شـعب الإمـارات,PoetryMedia\11\11_audio_1.mp3,,
13,سامح,PoetryMedia\13\13_audio_1.mp3,,
14,رمز العز علمني,PoetryMedia\14\14_audio_1.mp3,,
17,تجربة عمر,PoetryMedia\17\17_audio_1.mp3,,
19,الهجر,PoetryMedia\19\19_audio_1.mp3,,
20,آسف آسف,PoetryMedia\20\20_audio_1.mp3,,
21,أحمر الورد,PoetryMedia\21\21_audio_1.mp3,,
22,انت وانا,PoetryMedia\22\22_audio_1.mp3,,
23,الغصن يابس ,PoetryMedia\23\23_audio_1.mp3,,
24,إيمـــان الشـــعوب,PoetryMedia\24\24_audio_1.mp3,,
25,قصيدة المستحــــيل,PoetryMedia\25\25_audio_1.mp3,,
26,مرت سنة  ,PoetryMedia\26\26_audio_1.mp3,,
27,الإســـم,PoetryMedia\27\27_audio_1.mp3,,
28,أدب,PoetryMedia\28\28_audio_1.mp3,,
30,واحد x إثنين,PoetryMedia\30\30_audio_1.mp3,,
31,إبليـس ملعـون  ,PoetryMedia\31\31_audio_1.mp3,,
34,أزعـل عـليــك ,PoetryMedia\34\34_audio_1.mp3,,
35,اسـتجـواب,PoetryMedia\35\35_audio_1.mp3,,
37,أشيـاء .. وأشيـاء,PoetryMedia\37\37_audio_1.mp3,,
38,اعمار   ,PoetryMedia\38\38_audio_1.mp3,,
39,أفـا والله أفـا,PoetryMedia\39\39_audio_1.mp3,,
40,إقرب تعال ,PoetryMedia\40\40_audio_1.mp3,,
42,إلى البـراءه,PoetryMedia\42\42_audio_1.mp3,,
45,آمر يا بو خالد ,PoetryMedia\45\45_audio_1.mp3,,
49,إنتـبــاه ,PoetryMedia\49\49_audio_1.mp3,,
51,أوراقـــي   ,PoetryMedia\51\51_audio_1.mp3,,
53,الأخيـــر .. الأوّل   ,PoetryMedia\53\53_audio_1.mp3,,
55,الـجــروح   ,PoetryMedia\55\55_audio_1.mp3,,
57,السـالفــه   ,PoetryMedia\57\57_audio_1.mp3,,
60,الشـاعر اللـي,PoetryMedia\60\60_audio_1.mp3,,
61,الصاحب الـمعني ,PoetryMedia\61\61_audio_1.mp3,,
62,الغـول و العنـقاء ,PoetryMedia\62\62_audio_1.mp3,,
63,الفصـول الأربعـة   ,PoetryMedia\63\63_audio_1.mp3,,
67,الـموعـد,PoetryMedia\67\67_audio_1.mp3,,
68,الناس بالإحسـاس  ,PoetryMedia\68\68_audio_1.mp3,,
70,بالمخـتصـــر,PoetryMedia\70\70_audio_1.mp3,,
70,بالمخـتصـــر,PoetryMedia\70\70_audio_2.mp3,,
73,بـرج عـاجـي ,PoetryMedia\73\73_audio_1.mp3,,
74,بعـلبـك,PoetryMedia\74\74_audio_1.mp3,,
75,بُـن وْ هيـل وْ تـمر,PoetryMedia\75\75_audio_1.mp3,,
77,بيـاض التجـربـه,PoetryMedia\77\77_audio_1.mp3,,
79,ترنيمــة,PoetryMedia\79\79_audio_1.mp3,,
81,تناهيت الـمحـبّـه   ,PoetryMedia\81\81_audio_1.mp3,,
84,ثقة زايد,PoetryMedia\84\84_audio_1.mp3,,
85,ثـلاث ايّـام ,PoetryMedia\85\85_audio_1.mp3,,
86,ثـمار الهـوى ,PoetryMedia\86\86_audio_1.mp3,,
87,جـرح الـصـداقــة,PoetryMedia\87\87_audio_1.mp3,,
88,جُودنا ينجَاد منـّه جُود,PoetryMedia\88\88_audio_1.mp3,,
90,حبـال صوتـك ,PoetryMedia\90\90_audio_1.mp3,,
93,حـصـّــة ,PoetryMedia\93\93_audio_1.mp3,,
94,حكـومـة الـحـب,PoetryMedia\94\94_audio_1.mp3,,
97,حـمايـــم,PoetryMedia\97\97_audio_1.mp3,,
98,خـذ من الشاعر كــــلامه,PoetryMedia\98\98_audio_1.mp3,,
99,خـلاص يعـني,PoetryMedia\99\99_audio_1.mp3,,
100,دراهـم,PoetryMedia\100\100_audio_1.mp3,,
102,دلال و مسند,PoetryMedia\102\102_audio_1.mp3,,
103,دمـوع الـمـحـبّـين,PoetryMedia\103\103_audio_1.mp3,,
104,خــير الكــلام,PoetryMedia\104\104_audio_1.mp3,,
105,ديــرة الغربـــه,PoetryMedia\105\105_audio_1.mp3,,
107,ذيب عوى,PoetryMedia\107\107_audio_1.mp3,,
108,رَجُـل مـثـالـي,PoetryMedia\108\108_audio_1.mp3,,
112,سكـّر زيــاده,PoetryMedia\112\112_audio_1.mp3,,
113,سلام تسليم,PoetryMedia\113\113_audio_1.mp3,,
115,سؤال,PoetryMedia\115\115_audio_1.mp3,,
121,شيّ ولا شيّ,PoetryMedia\121\121_audio_1.mp3,,
123,شيخـة الغـيد,PoetryMedia\123\123_audio_1.mp3,,
124,شياطينك,PoetryMedia\124\124_audio_1.mp3,,
126,صــد و بعاد,PoetryMedia\126\126_audio_1.mp3,,
127,صـراحـة,PoetryMedia\127\127_audio_1.mp3,,
128,ضـرس و نــاب,PoetryMedia\128\128_audio_1.mp3,,
129,طاحت الحِـيـّـه,PoetryMedia\129\129_audio_1.mp3,,
130,طـوية زمـن,PoetryMedia\130\130_audio_1.mp3,,
131,طيّـب القلـب,PoetryMedia\131\131_audio_1.mp3,,
137,عوّضـوك بغـيابي,PoetryMedia\137\137_audio_1.mp3,,
138,عين الرضا,PoetryMedia\138\138_audio_1.mp3,,
140,غــــلا,PoetryMedia\140\140_audio_1.mp3,,
141,غـيـــاب,PoetryMedia\141\141_audio_1.mp3,,
143,فخر الاجيال,PoetryMedia\143\143_audio_1.mp3,,
144,فـَرض وْ نـفـل,PoetryMedia\144\144_audio_1.mp3,,
145,فـزّ الـشــــبـل,PoetryMedia\145\145_audio_1.mp3,,
146,فصول عـمـري,PoetryMedia\146\146_audio_1.mp3,,
147,فمـان الله,PoetryMedia\147\147_audio_1.mp3,,
148,فنـون الغـدر,PoetryMedia\148\148_audio_1.mp3,,
149,فهـمت وما فهـمت,PoetryMedia\149\149_audio_1.mp3,,
152,قــدّها و قـدود,PoetryMedia\152\152_audio_1.mp3,,
153,قـراءة مـدى,PoetryMedia\153\153_audio_1.mp3,,
157,قلوبنا قبـرك,PoetryMedia\157\157_audio_1.mp3,,
159,قـوس الربـابـة,PoetryMedia\159\159_audio_1.mp3,,
160,قــوس قـــزح,PoetryMedia\160\160_audio_1.mp3,,
165,لا جمـع و لا طـرح,PoetryMedia\165\165_audio_1.mp3,,
168,لا تغـرّك ضحـكتـي,PoetryMedia\168\168_audio_1.mp3,,
169,لا تلعن الفـقــر,PoetryMedia\169\169_audio_1.mp3,,
170,لا تنـدفع,PoetryMedia\170\170_audio_1.mp3,,
172,لحن الـمفارق,PoetryMedia\172\172_audio_1.mp3,,
175,لـم تـــرى,PoetryMedia\175\175_audio_1.mp3,,
176,ليـل وراه ليـل,PoetryMedia\176\176_audio_1.mp3,,
177,ليه .. وْ كيف .. وْ عن .. وْ من,PoetryMedia\177\177_audio_1.mp3,,
178,ما كـان له داعـي,PoetryMedia\178\178_audio_1.mp3,,
180,مدخـل غـرامي,PoetryMedia\180\180_audio_1.mp3,,
181,مـراجــــــــل,PoetryMedia\181\181_audio_1.mp3,,
185,مريم,PoetryMedia\185\185_audio_1.mp3,,
187,معلّقة الاتحاد,PoetryMedia\187\187_audio_1.mp3,,
188,مطار,PoetryMedia\188\188_audio_1.mp3,,
189,مطر .. مطر,PoetryMedia\189\189_audio_1.mp3,,
191,من الف ليله وليله,PoetryMedia\191\191_audio_1.mp3,,
194,من هو فزّاع,PoetryMedia\194\194_audio_1.mp3,,
195,من يحبك,PoetryMedia\195\195_audio_1.mp3,,
198,نخوة قوافي,PoetryMedia\198\198_audio_1.mp3,,
201,هذي طبوعي,PoetryMedia\201\201_audio_1.mp3,,
202,هنيّالي,PoetryMedia\202\202_audio_1.mp3,,
203,هوا الحريّه,PoetryMedia\203\203_audio_1.mp3,,
206,ولا يقدَر يلمّ الشمْل غير القايد الربّان,PoetryMedia\206\206_audio_1.mp3,,
207,وين انت ؟,PoetryMedia\207\207_audio_1.mp3,,
208,يا أيُّها,PoetryMedia\208\208_audio_1.mp3,,
209,يا أحمد,PoetryMedia\209\209_audio_1.mp3,,
210,يابن آدم,PoetryMedia\210\210_audio_1.mp3,,
212,يا سلام الله,PoetryMedia\212\212_audio_1.mp3,,
214,يا عيب الشوم,PoetryMedia\214\214_audio_1.mp3,,
215,يا مشعل القلب,PoetryMedia\215\215_audio_1.mp3,,
216,يحسب حساب,PoetryMedia\216\216_audio_1.mp3,,
217,يراودك .. و يراودني,PoetryMedia\217\217_audio_1.mp3,,
219,إجلس مع نفسك,PoetryMedia\219\219_audio_1.mp3,,
221,سيداتي .. انساتي .. سادتي,PoetryMedia\221\221_audio_1.mp3,,
226,ثلاثية نصر,PoetryMedia\226\226_audio_1.mp3,,
227,سلام من فزاع لأهل الهجن,PoetryMedia\227\227_audio_1.mp3,,
231,موطن الفخر,PoetryMedia\231\231_audio_1.mp3,,
233,فلم الطهاره,PoetryMedia\233\233_audio_1.mp3,,
234,كبريت واحد .. وألف غابـة,PoetryMedia\234\234_audio_1.mp3,,
235,الجار للجـار ..,PoetryMedia\235\235_audio_1.mp3,,
236,واجب الصحبه,PoetryMedia\236\236_audio_1.mp3,,
237,مهبط الأحلام,PoetryMedia\237\237_audio_1.mp3,,
238,وجه الحياة الثاني,PoetryMedia\238\238_audio_1.mp3,,
239,انا والبواخر ..,PoetryMedia\239\239_audio_1.mp3,,
240,قبـر الشهيـد,PoetryMedia\240\240_audio_1.mp3,,
241,كـلـمـة أخـي,PoetryMedia\241\241_audio_1.mp3,,
242,فكّــر شـوّي,PoetryMedia\242\242_audio_1.mp3,,
245,ملهم القصيدة,PoetryMedia\245\245_audio_1.mp3,,
247,هدهد سليمان,PoetryMedia\247\247_audio_1.mp3,,
248,أم الإمارات,PoetryMedia\248\248_audio_1.mp3,,
250,إفتـرت,PoetryMedia\250\250_audio_1.mp3,,
251,القـادر,PoetryMedia\251\251_audio_1.mp3,PoetryMedia\251\251_video_1.mp4,
252,إفهـم مكـانـك,PoetryMedia\252\252_audio_1.mp3,,
253,اعذروا رماح,PoetryMedia\253\253_audio_1.mp3,,
257,مْيَدانُ التّفاخُر,PoetryMedia\257\257_audio_1.mp3,,
258,الـزعيـم الـمُـلْـهِــم,PoetryMedia\258\258_audio_1.mp3,PoetryMedia\258\258_video_1.mp4,
261,الحـزن راحـه,PoetryMedia\261\261_audio_1.mp3,PoetryMedia\261\261_video_1.mp4,
262,صاحـب الهجـر,PoetryMedia\262\262_audio_1.mp3,,
262,صاحـب الهجـر,PoetryMedia\262\262_audio_2.mp3,,
263,ميـلاد أبوخالـد,PoetryMedia\263\263_audio_1.mp3,,
264,مفهـوم,PoetryMedia\264\264_audio_1.mp3,PoetryMedia\264\264_video_1.mp4,
266,الطرشه خليّـه,PoetryMedia\266\266_audio_1.mp3,PoetryMedia\266\266_video_1.mp4,
267,تــامر عـليّــه,PoetryMedia\267\267_audio_1.mp3,PoetryMedia\267\267_video_1.mp4,
269,زبون الصـبر,PoetryMedia\269\269_audio_1.mp3,PoetryMedia\269\269_video_1.mp4,
271,مدّةٍ وافيه,PoetryMedia\271\271_audio_1.mp3,PoetryMedia\271\271_video_1.mp4,
272,وقفة عرفة,PoetryMedia\272\272_audio_1.mp3,PoetryMedia\272\272_video_1.mp4,
273,الكـبـر لله,,PoetryMedia\273\273_video_1.mp4,
274,الورده ارتاحت,PoetryMedia\274\274_audio_1.mp3,PoetryMedia\274\274_video_1.mp4,
275,قمّـة الإلتحـام,PoetryMedia\275\275_audio_1.mp3,PoetryMedia\275\275_video_1.mp4,
276,هــدّاد,,PoetryMedia\276\276_video_1.mp4,
278,شنـذاره,,PoetryMedia\278\278_video_1.mp4,
279,قنيب الذيب,,PoetryMedia\279\279_video_1.mp4,
282,ثلاثمية قصيدة,PoetryMedia\282\282_audio_1.mp3,PoetryMedia\282\282_video_1.mp4,
283,وقفة عرفات,PoetryMedia\283\283_audio_1.mp3,PoetryMedia\283\283_video_1.mp4,
284,هديل,PoetryMedia\284\284_audio_1.mp3,PoetryMedia\284\284_video_1.mp4,
286,بينـك وبيـنه,PoetryMedia\286\286_audio_1.mp3,PoetryMedia\286\286_video_1.mp4,
287,​راحت سنه,PoetryMedia\287\287_audio_1.mp3,,
288,خمسين عام قبل و بعـد,PoetryMedia\288\288_audio_1.mp3,PoetryMedia\288\288_video_1.mp4,
289,في كل عام !!,PoetryMedia\289\289_audio_1.mp3,PoetryMedia\289\289_video_1.mp4,
290,شعار الدولة,PoetryMedia\290\290_audio_1.mp3,,
291,حكمة الحطّــاب,PoetryMedia\291\291_audio_1.mp3,PoetryMedia\291\291_video_1.mp4,
292,محيط افكار,PoetryMedia\292\292_audio_1.mp3,PoetryMedia\292\292_video_1.mp4,
295,وسـم,PoetryMedia\295\295_audio_1.mp3,PoetryMedia\295\295_video_1.mp4,
298,الظبي,PoetryMedia\298\298_audio_1.mp3,PoetryMedia\298\298_video_1.mp4,
299,الشميمي و الخـوي,PoetryMedia\299\299_audio_1.mp3,PoetryMedia\299\299_video_1.mp4,
301,مزهرية,PoetryMedia\301\301_audio_1.mp3,PoetryMedia\301\301_video_1.mp4,
302,رمز,PoetryMedia\302\302_audio_1.mp3,PoetryMedia\302\302_video_1.mp4,
304,ابو خالد,PoetryMedia\304\304_audio_1.mp3,PoetryMedia\304\304_video_1.mp4,
305,الميّت الحي,PoetryMedia\305\305_audio_1.mp3,PoetryMedia\305\305_video_1.mp4,
306,عجايب وشنذاره وغيّاث,PoetryMedia\306\306_audio_1.mp3,PoetryMedia\306\306_video_1.mp4,
308,دعاء,PoetryMedia\308\308_audio_1.mp3,PoetryMedia\308\308_video_1.mp4,
309,درب الشعر,PoetryMedia\309\309_audio_1.mp3,PoetryMedia\309\309_video_1.mp4,
310,عن هنا من هناك,PoetryMedia\310\310_audio_1.mp3,PoetryMedia\310\310_video_1.mp4,
313,زايد بن حمدان,PoetryMedia\313\313_audio_1.mp3,PoetryMedia\313\313_video_1.mp4,
315,ما عنه صدود,PoetryMedia\315\315_audio_1.mp3,PoetryMedia\315\315_video_1.mp4,
316,فزاع و سفّاح,PoetryMedia\316\316_audio_1.mp3,PoetryMedia\316\316_video_1.mp4,
319,رسالة حزن,PoetryMedia\319\319_audio_1.mp3,PoetryMedia\319\319_video_1.mp4,
321,خلاّبه,PoetryMedia\321\321_audio_1.mp3,PoetryMedia\321\321_video_1.mp4,
323,الديم,PoetryMedia\323\323_audio_1.mp3,PoetryMedia\323\323_video_1.mp4,
325,رابع يوم,PoetryMedia\325\325_audio_1.mp3,PoetryMedia\325\325_video_1.mp4,
325,رابع يوم,PoetryMedia\325\325_audio_2.mp3,,
328,بيني وبينك,PoetryMedia\328\328_audio_1.mp3,PoetryMedia\328\328_video_1.mp4,
328,بيني وبينك,PoetryMedia\328\328_audio_2.mp3,,
330,ترحيـبة غيـم,PoetryMedia\330\330_audio_1.mp3,,
330,ترحيـبة غيـم,PoetryMedia\330\330_audio_2.mp3,PoetryMedia\330\330_video_1.mp4,
332,شهر سته,PoetryMedia\332\332_audio_1.mp3,PoetryMedia\332\332_video_1.mp4,
336,لو يضيق الصدر,PoetryMedia\336\336_audio_1.mp3,,
338,أغلى وصل وفراق,PoetryMedia\338\338_audio_1.mp3,PoetryMedia\338\338_video_1.mp4,PoetryMedia\338\338_audio_2.mp3
340,أقول لك تم,PoetryMedia\340\340_audio_1.mp3,PoetryMedia\340\340_video_1.mp4,
343,وجه المجد,PoetryMedia\343\343_audio_1.mp3,PoetryMedia\343\343_video_1.mp4,
346,دمع العظيم,PoetryMedia\346\346_audio_1.mp3,PoetryMedia\346\346_video_1.mp4,
349,وسام أم الشعب,PoetryMedia\349\349_audio_1.mp3,PoetryMedia\349\349_video_1.mp4,
350,أبشّـرك,PoetryMedia\350\350_audio_1.mp3,PoetryMedia\350\350_video_1.mp4,
351,إحتضنك المجـد,PoetryMedia\351\351_audio_1.mp3,PoetryMedia\351\351_video_1.mp4,
356,الرويس وغياثي,PoetryMedia\356\356_audio_1.mp3,PoetryMedia\356\356_video_1.mp4,
358,يعلمني الرماية,PoetryMedia\358\358_audio_1.mp3,PoetryMedia\358\358_video_1.mp4,
359,المشكله بين الاثنين,PoetryMedia\359\359_audio_1.mp3,PoetryMedia\359\359_video_1.mp4,
366,فكرة شاملة,PoetryMedia\366\366_audio_1.mp3,PoetryMedia\366\366_video_1.mp4,
367,ذكرياتي مَعَ راشد,PoetryMedia\367\367_audio_1.mp3,PoetryMedia\367\367_video_1.mp4,
369,سؤالك غلط,PoetryMedia\369\369_audio_1.mp3,PoetryMedia\369\369_video_1.mp4,
375,نعمه من الله,PoetryMedia\375\375_audio_1.mp3,PoetryMedia\375\375_video_1.mp4,
376,زايد وجابر,PoetryMedia\376\376_audio_1.mp3,PoetryMedia\376\376_video_1.mp4,
379,أميرة قلوب الأنقياء,PoetryMedia\379\379_audio_1.mp3,PoetryMedia\379\379_video_1.mp4,
381,إمّـا وفـا .. والّا ..,PoetryMedia\381\381_audio_1.mp3,PoetryMedia\381\381_video_1.mp4,
383,غلا قطر,PoetryMedia\383\383_audio_1.mp3,PoetryMedia\383\383_video_1.mp4,
385,ساحـة الشـعّـار,PoetryMedia\385\385_audio_1.mp3,PoetryMedia\385\385_video_1.mp4,
387,يا اعظم ملك,PoetryMedia\387\387_audio_1.mp3,PoetryMedia\387\387_video_1.mp4,
389,كلمات .. وّلدت منه,PoetryMedia\389\389_audio_1.mp3,PoetryMedia\389\389_video_1.mp4,
395,سفينة أحلامي,PoetryMedia\395\395_audio_1.mp3,PoetryMedia\395\395_video_1.mp4,