ID,Category_EN,Category_AR,Carousel_Group_text_EN,Carousel_Group_text_AR,SubCategory_Text_EN,SubCategory_Text_AR,SubCategory_Subtitle_EN,SubCategory_Subtitle_AR,Categories_Info,Comments,Sheet,Column,PSG_thumbnail_view,PSG_Focus,SubCategory_Focus,Status,SubCategory_thumbnail_Raw,URL__thumbnail_Raw,URL_thumbnail_view,URL_Focus
1,Library,مكتبة,religion,دين,Religion,الدين,[],[],"هنا الدين نورٌ يضيء دروب الروح، إيمانٌ يُشبه الصقرَ في علوه والمطرَ في عطائه الغزير.  
اقرأ أبياتاً تُعبدُ اللهَ بقلبٍ خاشع، تجعل التقوى سيفاً يقطع الظلم ويزرع في النفس جنانَ الآخرة.",use Carousel_Group_text_AR/EN as query_key,Images,"Carousel_Group_text_EN, Carousel_Group_text_AR",https://uffjlburuvsnstvgyito.supabase.co/storage/v1/object/public/Diwan_Hamdan/Cateories/thumbnail_view/Category_Religion_thumbnail_view.jpg,https://uffjlburuvsnstvgyito.supabase.co/storage/v1/object/public/Diwan_Hamdan/Cateories/Focus/Category_Religion_Focus.jpg,Category_Religion_الدين_Focus,Focus_Live,Category_Religion_الدين_thumbnail_Raw,https://drive.google.com/uc?id=1Dqio1hPEOUJU4tPJWr6a50kKPMKgmyVv&export=download,https://drive.google.com/uc?id=1p_VSreAebClwbkAgva6QxWzb-3FXX3hi&export=download,https://drive.google.com/uc?id=1f8QMt3kbSI4BjrIQza9tN-sgGocw6gXr&export=download
2,Library,مكتبة,sentiments,مشاعر,Emotions,أحاسيس,[],[],"الأحاسيس هنا نبضُ الروحِ الجامح، مزيجٌ من شوقِ العيونِ وسيفِ الحبِّ الذي يجرحُ ويشفي.  
غُصْ في أمواجِها العذبةِ، حيثُ يصبحُ الوجدُ رفيقاً والقلبُ قصيدةً تُحيي الظمأَ بالنُّدِ والخزامى.",use Carousel_Group_text_AR/EN as query_key,Images,"Carousel_Group_text_EN, Carousel_Group_text_AR",https://uffjlburuvsnstvgyito.supabase.co/storage/v1/object/public/Diwan_Hamdan/Cateories/thumbnail_view/Category_Emotions_thumbnail_view.jpg,https://uffjlburuvsnstvgyito.supabase.co/storage/v1/object/public/Diwan_Hamdan/Cateories/Focus/Category_Emotions_Focus.jpg,Category_Emotions_أحاسيس_Focus,Focus_Live,Category_Emotions_أحاسيس_thumbnail_Raw,https://drive.google.com/uc?id=1e6dR7tR7a5Pn8ltNxgyPHi9sZAW1NdV6&export=download,https://drive.google.com/uc?id=1d2R6llsdAT0-liXJuKWWhv2wYc-ApA0l&export=download,https://drive.google.com/uc?id=1nRSM2GM77UI7gT3ptcfiHUWxenWcYfjZ&export=download
3,Library,مكتبة,places,أماكن,UAE locations,مواقع إماراتية,[],[],"الأماكن هنا ليست جغرافيا، بل ذاكرة تنبض؛ من شموخ ""زعبيل"" إلى رمال ""ليوا"" التي تعشق المطر.  
تجول بين أبيات ترسم الإمارات قصيدة، وتجعل من ترابها تِبراً ومن هوائها حياةً للروح.",use Carousel_Group_text_AR/EN as query_key,Images,"Carousel_Group_text_EN, Carousel_Group_text_AR",https://uffjlburuvsnstvgyito.supabase.co/storage/v1/object/public/Diwan_Hamdan/Cateories/thumbnail_view/Category_UAE locations_thumbnail_view.jpg,https://uffjlburuvsnstvgyito.supabase.co/storage/v1/object/public/Diwan_Hamdan/Cateories/Focus/Category_UAE locations_Focus.jpg,Category_UAE locations_مواقع إماراتية_Focus,Focus_Live,Category_UAE locations_مواقع إماراتية_thumbnail_Raw,https://drive.google.com/uc?id=1gPOU53Z6fZMujqkMi-vJ5zPqz_9uX1Mw&export=download,https://drive.google.com/uc?id=1MOebF1ktYGls2JV_zxAnN4IWg-0NBIIs&export=download,https://drive.google.com/uc?id=1nwFnFlyHY3fdXPicXHTj5Xk7ToDYFJeG&export=download
4,Library,مكتبة,events,أحداث,UAE Holidays,أعياد الامارات,[],[],"هنا أعياد الإمارات احتفاءٌ بالمجد الزايدي والمحمدي، عيدُ وحدةٍ ينبض بالفخر والأناشيد الشعبية.  
اقرأ أبياتاً تُحيي الفرحَ كمطرٍ في رمال الوطن، تجعل القلبَ يرقصَ مع صقرِ الشموخِ والعزمِ.",use Carousel_Group_text_AR/EN as query_key,Images,"Carousel_Group_text_EN, Carousel_Group_text_AR",https://uffjlburuvsnstvgyito.supabase.co/storage/v1/object/public/Diwan_Hamdan/Cateories/thumbnail_view/Category_UAE Holidays_thumbnail_view.jpg,https://uffjlburuvsnstvgyito.supabase.co/storage/v1/object/public/Diwan_Hamdan/Cateories/Focus/Category_UAE Holidays_Focus.jpg,Category_UAE Holidays_أعياد الامارات_Focus,Focus_Live,Category_UAE Holidays_أعياد الامارات_thumbnail_Raw,https://drive.google.com/uc?id=1PKxvxIJ3Yc2B3wX7KLkSL2n8FsNkmFtK&export=download,https://drive.google.com/uc?id=1kt6ZYKpTW1KKjS5OROtguWn2B13tOl9q&export=download,https://drive.google.com/uc?id=1Fbv-2bIHHixyn1jLICoVcCeRNspV3ZSH&export=download
5,Library,مكتبة,subjects,مواضيع,Topics,مواضيع,[],[],"هنا تتجلى المواضيع كنخيلٍ متجذّر في تراب الروح، تجمع بين قيادةِ زايدِ وغزلِ العيونِ وسِحرِ الصقرِ والفخرِ الإماراتيِّ.  
اقرأ أبياتاً تُحيي الحكمةَ والشوقَ والشموخَ، فتصبح كلُّ قصيدةِ عِبْرَةً تُعانِقُ السَّمَاءَ والقلبَ.",use Carousel_Group_text_AR/EN as query_key,Images,"Carousel_Group_text_EN, Carousel_Group_text_AR",https://uffjlburuvsnstvgyito.supabase.co/storage/v1/object/public/Diwan_Hamdan/Cateories/thumbnail_view/Category_Topics_thumbnail_view.jpg,https://uffjlburuvsnstvgyito.supabase.co/storage/v1/object/public/Diwan_Hamdan/Cateories/Focus/Category_Topics_Focus.jpg,Category_Topics_مواضيع_Focus,Focus_Live,Category_Topics_مواضيع_thumbnail_Raw,https://drive.google.com/uc?id=1A-Bl0xJEgoyl_Al_D71nFvAJfW2C9VEu&export=download,https://drive.google.com/uc?id=1WWh31kuQq5i9GW2koUYfxs-PvIu-I4A-&export=download,https://drive.google.com/uc?id=16rkmiZcxwWS3H71sxOlsubm39pxGviNc&export=download
6,Library,مكتبة,People,الشخصيات,People,الشخصيات,[],[],"هنا الأشخاص ليسوا مجرد أسماء، بل رموز حية؛ زايدُ شمسُ وطنٍ، ومحمدُ سيفُ عزمٍ يقطع الصعاب بالحكمة.  
اقرأ أبياتاً تنبض بروابط الدم والفخر، حيث يصبح كل إنسانٌ قصيدةً تعانق السحاب والتاريخ.",use Carousel_Group_text_AR/EN as query_key,Images,"Carousel_Group_text_EN, Carousel_Group_text_AR",https://uffjlburuvsnstvgyito.supabase.co/storage/v1/object/public/Diwan_Hamdan/Cateories/thumbnail_view/Category_People_thumbnail_view.jpg,https://uffjlburuvsnstvgyito.supabase.co/storage/v1/object/public/Diwan_Hamdan/Cateories/Focus/Category_People_Focus.jpg,Category_People_أشخاص_Focus,Focus_Live,Category_People_أشخاص_thumbnail_Raw,https://drive.google.com/uc?id=1HwFXtklyApmPdxTqUvKvqANDNgP4ELxk&export=download,https://drive.google.com/uc?id=1wcacGiDArk_5TqHN-gaUjRsb6_Ex_VoH&export=download,https://drive.google.com/uc?id=1eSFAunh317AUrjCflKsn4C3dM8GQsBgc&export=download
7,Library,مكتبة,animals,حيوانات,animals,حيوانات,[],[],"الحيوانات هنا إخوة الروح في صحراء الفزاع؛ الصقرُ سيفُ الشموخ، والحِجْنُ رفيقُ الدرب الوعر.  
اقرأ أبياتاً تحاور الطبيعة بلغة النبلاء، فتتعلم الصبرَ من الطير ووفاءَ الإبلَ للقلبِ الثابت.",use Carousel_Group_text_AR/EN as query_key,Images,"Carousel_Group_text_EN, Carousel_Group_text_AR",https://uffjlburuvsnstvgyito.supabase.co/storage/v1/object/public/Diwan_Hamdan/Cateories/thumbnail_view/animals_insects_thumbnail_view.jpg,https://uffjlburuvsnstvgyito.supabase.co/storage/v1/object/public/Diwan_Hamdan/Cateories/Focus/animals_insects_Focus.jpg,animals_insects_حشرات_Focus,Image_issue,animals_insects_حشرات_thumbnail_Raw,https://drive.google.com/uc?id=1YN--rxP2_4aXJeiEQCgkrpR954gLFTrt&export=download,https://drive.google.com/uc?id=1CN0_m6fy6tWdErCI7_zgczv2VKOoZLD6&export=download,https://drive.google.com/uc?id=12n1TndeIVrnc-vKwA906Ae75w0g95M-I&export=download
8,animals,حيوانات,animals,حيوانات,insects,حشرات,animals,حيوانات,"الحشرات في شعر فزاع ليست مجرد زواحف الأرض، بل رموزُ الدهاءِ والحياةِ في صحراءِ الروحِ الخفية.  
غُصْ في أبياتٍ تُحوِّلَ النملَ سيوفَ صَبْرٍ، والنَّحْلَ عَسَلَ حِكْمَةٍ يُشْفِي جُرُوحَ الْقَلْبِ.","use SubCategory_Text_EN/AR as [""query_key""]",Word_search,animals,https://uffjlburuvsnstvgyito.supabase.co/storage/v1/object/public/Diwan_Hamdan/Cateories/thumbnail_view/animals_insects_thumbnail_view.jpg,https://uffjlburuvsnstvgyito.supabase.co/storage/v1/object/public/Diwan_Hamdan/Cateories/Focus/animals_insects_Focus.jpg,animals_insects_حشرات_Focus,Focus_Live,animals_insects_حشرات_thumbnail_Raw,https://drive.google.com/uc?id=1YN--rxP2_4aXJeiEQCgkrpR954gLFTrt&export=download,https://drive.google.com/uc?id=1CN0_m6fy6tWdErCI7_zgczv2VKOoZLD6&export=download,https://drive.google.com/uc?id=12n1TndeIVrnc-vKwA906Ae75w0g95M-I&export=download
9,animals,حيوانات,animals,حيوانات,birds,طيور,animals,حيوانات,"الطيورُ هنا إخوةُ الروحِ والشموخِ، تعانقُ هامَ السحبِ وتحاورُ الصقرَ في لغةِ القممِ والعزمِ.  
اقرأَ أبياتاً تُحييُ نبضَ السماءِ، حيثُ يصبحُ الطائرُ مرآةَ الفخرِ والحريةِ لقلوبِ الأحرارِ.","use SubCategory_Text_EN/AR as [""query_key""]",Word_search,animals,https://uffjlburuvsnstvgyito.supabase.co/storage/v1/object/public/Diwan_Hamdan/Cateories/thumbnail_view/animals_birds_thumbnail_view.jpg,https://uffjlburuvsnstvgyito.supabase.co/storage/v1/object/public/Diwan_Hamdan/Cateories/Focus/animals_birds_Focus.jpg,animals_birds_طيور_Focus,Focus_Live,animals_birds_طيور_thumbnail_Raw,https://drive.google.com/uc?id=1bFa7OsQ6eoIiPSs445zH2m3G-7jWeGkJ&export=download,https://drive.google.com/uc?id=1KH01Q8oCZk-HRJiffXO5xB7v72_DNgFb&export=download,https://drive.google.com/uc?id=1ulk4TqB7nzWCLf8AzQF8A85y-WRjoSxm&export=download
10,animals,حيوانات,animals,حيوانات,horse,حصان,animals,حيوانات,"الحصان هنا ليس جواداً عادياً، بل روحُ الصحراء وشريكُ الفتى في عزمه، يركض بشموخٍ يعانق رياحَ الدهر ويحمل أسرارَ الوفاء.  
اركبْ مع أبياتِ فزاعَ في سباقِ القلوب، حيث يصبح الجوادُ سيفَ النبل ومفتاحَ المجدِ الأبدي.","use SubCategory_Text_EN/AR as [""query_key""]",Word_search,animals,https://uffjlburuvsnstvgyito.supabase.co/storage/v1/object/public/Diwan_Hamdan/Cateories/thumbnail_view/animals_horse_thumbnail_view.jpg,https://uffjlburuvsnstvgyito.supabase.co/storage/v1/object/public/Diwan_Hamdan/Cateories/Focus/animals_horse_Focus.jpg,animals_horse_حصان_Focus,Focus_Live,animals_horse_حصان_thumbnail_Raw,https://drive.google.com/uc?id=1Hq404Mpk2iMTbYrpJsCF1mhraKkWU2BY&export=download,https://drive.google.com/uc?id=1-JoHX_dNVtNIrYS6FvKdBzOQg7GAzQnB&export=download,https://drive.google.com/uc?id=1y6Q5Rd2GyRjdDhDVBo2LtKv06xCGtxAF&export=download
11,animals,حيوانات,animals,حيوانات,wild animals,وحوش برية,animals,حيوانات,"الوحوش البرية هنا رموزُ قسوةِ الطبيعةِ واختبارُ الشجاعةِ، حيثُ الأسدُ صوتُ التحديِ والذئبُ درسٌ في الصيدِ والكمونِ.  
غُصْ في أبياتٍ تُروِضُ الوحشَ بالكلمةِ، فتُحَوِّلُ براريَ الروحِ إلىَ ملاذِ الفخرِ والعِزِّ.","use SubCategory_Text_EN/AR as [""query_key""]",Word_search,animals,https://uffjlburuvsnstvgyito.supabase.co/storage/v1/object/public/Diwan_Hamdan/Cateories/thumbnail_view/animals_wild animals_thumbnail_view.jpg,https://uffjlburuvsnstvgyito.supabase.co/storage/v1/object/public/Diwan_Hamdan/Cateories/Focus/animals_wild animals_Focus.jpg,animals_wild animals_وحوش برية_Focus,Focus_Live,animals_wild animals_وحوش برية_thumbnail_Raw,https://drive.google.com/uc?id=1g1T56gOjgOEt7tMnudIqNkKZ0vIwijdO&export=download,https://drive.google.com/uc?id=1LfkojznASfJH7b9M7JNRijDlDOblgdyU&export=download,https://drive.google.com/uc?id=1poCsdqpM6T4tZmgtTizHc79leUmg20D2&export=download
12,animals,حيوانات,animals,حيوانات,cattle,ماشية,animals,حيوانات,"الماشية هنا ليست قطيعاً فحسب، بل أختُ الروح في رمال البراري، تحمل في خطواتها صبرَ الصحراء ووفاءَ الإبلِ الشامِخة.  
اقرأ أبياتاً تُحيي نبضَ الهجنِ والمَرْعَى، حيث يصبح الراعيَ صيداً للحكمةِ والفخرِ الذي يُعْلُو السَّمَاء.","use SubCategory_Text_EN/AR as [""query_key""]",Word_search,animals,https://uffjlburuvsnstvgyito.supabase.co/storage/v1/object/public/Diwan_Hamdan/Cateories/thumbnail_view/animals_cattle_thumbnail_view.jpg,https://uffjlburuvsnstvgyito.supabase.co/storage/v1/object/public/Diwan_Hamdan/Cateories/Focus/animals_cattle_Focus.jpg,animals_cattle_ماشية_Focus,Focus_Live,animals_cattle_ماشية_thumbnail_Raw,https://drive.google.com/uc?id=1HwBDVToEj_tam7OA-hDbPeQAH_y_ODYW&export=download,https://drive.google.com/uc?id=1Fvkh8xV1gYbTJMLiI--wkzIHFGHvDI--&export=download,https://drive.google.com/uc?id=1iODNY57WynGKTc5Ewnmh-tN5hhw2DJWs&export=download
13,animals,حيوانات,animals,حيوانات,reptiles,زواحف,animals,حيوانات,"الزواحف هنا رموزُ الدهرِ المتعرِّج، حيثُ الثعبانُ حِكْمَةٌ خفيَّةٌ تُعَلِّمُ الصَّبْرَ والمَكْرَ في وَادِي الحَيَاةِ.  
اقْرَأْ أَبْيَاتًا تُحَوِّلُ زَحْفَهَا إِلَى دَرْسٍ يَصْنَعُ الْقَادَةَ، وَتَجْعَلُ مِنْ سُمِّهَا عِبْرَةً لِلْقُلُوبِ الْمُتَقِنَةِ.","use SubCategory_Text_EN/AR as [""query_key""]",Word_search,animals,https://uffjlburuvsnstvgyito.supabase.co/storage/v1/object/public/Diwan_Hamdan/Cateories/thumbnail_view/animals_reptiles_thumbnail_view.jpg,https://uffjlburuvsnstvgyito.supabase.co/storage/v1/object/public/Diwan_Hamdan/Cateories/Focus/animals_reptiles_Focus.jpg,animals_reptiles_زواحف_Focus,Focus_Live,animals_reptiles_زواحف_thumbnail_Raw,https://drive.google.com/uc?id=1rHtSoXar31D8rWaTxNpU79uKAbS81dJ3&export=download,https://drive.google.com/uc?id=16hoFCWel7-zs1cWy16P0dxRzQv2SlXX5&export=download,https://drive.google.com/uc?id=1-0jvXUVEdy61zfIl88hsZZf-bc7tsxgi&export=download
14,animals,حيوانات,animals,حيوانات,sea,بحر,animals,حيوانات,"البحر هنا ليس موجاً عابراً، بل روحُ الفتى الشجاع؛ يهدرُ عزماً يتحدى الأعماق ويحملُ أسرارَ الليلِ في صدرهِ الرحبِ.  
غُصْ في أمواجِ فزاعَ تُعْلِي من شأنِ الصَّدْرِ الواسعِ، حيثُ يُصبِحُ الشَّوقُ لُؤْلُؤاً والصَّبْرُ سَفِينَةً تَعْصِي الْعَوَاصِفَ.","use SubCategory_Text_EN/AR as [""query_key""]",Word_search,animals,https://uffjlburuvsnstvgyito.supabase.co/storage/v1/object/public/Diwan_Hamdan/Cateories/thumbnail_view/animals_sea_thumbnail_view.jpg,https://uffjlburuvsnstvgyito.supabase.co/storage/v1/object/public/Diwan_Hamdan/Cateories/Focus/animals_sea_Focus.jpg,animals_sea_بحر_Focus,Focus_Live,animals_sea_بحر_thumbnail_Raw,https://drive.google.com/uc?id=15upvBtsD2KwTQITNy3MTGNUlkdMkfjrf&export=download,https://drive.google.com/uc?id=1YlA4L2TTFWdkpBjmCUObJGgdJkadcJy5&export=download,https://drive.google.com/uc?id=1QobrhjKd_CWX5iin7Fh9u01jS36L86Qz&export=download
15,animals,حيوانات,animals,حيوانات,deer,إبل,animals,حيوانات,"الهجن هنا ليست إبلَ ركب فحسب، بل أخواتُ الروح في الصحراء، تحملُ الصبرَ على الرمالِ والعزمَ نحوَ الأفقِ البعيدِ.  
اقرأَ أبياتاً تُحيي رائحةَ ""الحِجْن"" والوفاءَ، حيثُ يصبحُ الجَمَلُ معلّماً للقلبِ في دروسِ الشدائدِ والكرمِ.","use SubCategory_Text_EN/AR as [""query_key""]",Word_search,animals,https://uffjlburuvsnstvgyito.supabase.co/storage/v1/object/public/Diwan_Hamdan/Cateories/thumbnail_view/animals_deer_thumbnail_view.jpg,https://uffjlburuvsnstvgyito.supabase.co/storage/v1/object/public/Diwan_Hamdan/Cateories/Focus/animals_deer_Focus.jpg,animals_deer_إبل_Focus,Focus_Live,animals_deer_إبل_thumbnail_Raw,https://drive.google.com/uc?id=1GOaLo_NWL1Yep9A6R5gRxZmz-KrnSXLQ&export=download,https://drive.google.com/uc?id=1Pd0_o0XWJ1kW1dNBqsNsuPhvgp59i6DZ&export=download,https://drive.google.com/uc?id=1Dgqh1h8gXxN7kA9XIS7G9ghMfqU5HAP4&export=download
16,events,أحداث,UAE,أحداث وطنية,national day,يوم الوطن,UAE,أحداث وطنية,"يوم الوطن هنا احتفاءٌ بإرث زايد ومحمد، حيث يصبح اليوم سيفَ فخرٍ يقطع الغيوم ويزرع في القلوب رايات الشموخ.  
اقرأ أبياتاً تنبض بعزم الإمارات، تجعل الروح ترفرف كصقرٍ فوق قمم الجليل والمجد الأبدي.","use SubCategory_Text_EN/AR as: [""query_key""]",Word_search,events,https://uffjlburuvsnstvgyito.supabase.co/storage/v1/object/public/Diwan_Hamdan/Cateories/thumbnail_view/Events_national day_thumbnail_view.jpg,https://uffjlburuvsnstvgyito.supabase.co/storage/v1/object/public/Diwan_Hamdan/Cateories/Focus/Events_national day_Focus.jpg,Events_national day_يوم الوطن_Focus,Focus_Live,Events_national day_يوم الوطن_thumbnail_Raw,https://drive.google.com/uc?id=1TCkKX_34cQ23sl1mhXIEKYz5ugigkHrl&export=download,https://drive.google.com/uc?id=1ay6mVUExHm5i9C-hITdZ-9FhXmqVaJi6&export=download,https://drive.google.com/uc?id=1KQidMcuzf7iLJCZ3oG7UegPJhvR6Pnb4&export=download
17,events,أحداث,UAE,أحداث وطنية,martyrs day,يوم الشهيد,UAE,أحداث وطنية,"هنا يوم الشهيد إكليلٌ من دماء الأبرار، يُخلّد الوفاءَ للوطنِ بسيوفِ الروحِ الشامخةِ والأرواحِ التي لا تموتُ.  
اقرأ أبياتَ الفخرِ التي تُعانِقُ السحابَ، حيثُ يصبحُ الشهيدُ صقراً يحرسُ سماءَ الإماراتِ إلى الأبدِ.","use SubCategory_Text_EN/AR as: [""query_key""]",Word_search,events,https://uffjlburuvsnstvgyito.supabase.co/storage/v1/object/public/Diwan_Hamdan/Cateories/thumbnail_view/Events_martyrs day_thumbnail_view.jpg,https://uffjlburuvsnstvgyito.supabase.co/storage/v1/object/public/Diwan_Hamdan/Cateories/Focus/Events_martyrs day_Focus.jpg,Events_martyrs day_يوم الشهيد_Focus,Focus_Live,Events_martyrs day_يوم الشهيد_thumbnail_Raw,https://drive.google.com/uc?id=1S69Mx1LD500Bz0V0bOdVA2X0KRN4MYtP&export=download,https://drive.google.com/uc?id=1k_CZi5ffdJwiftpKqm5I2QLqo-Z6lcCj&export=download,https://drive.google.com/uc?id=1yLIteBsami5SlvkiPfCZwyzWuxmK5Ae0&export=download
18,events,أحداث,UAE,أحداث وطنية,flag day,يوم العلم,UAE,أحداث وطنية,"هنا يوم العلم احتفاءٌ بفجرِ المعرفة، سيفٌ يقطع ظلامَ الجهلِ ويبني أمماً تعلو سحابَ التقدمِ.  
اقرأ أبياتاً تُشعلِ الهممَ كنسمِ الصباحِ، حيثِ العقلُ صقرٌ يحلِّقُ ويُورِثُ الأجيالَ مجدَ الإماراتِ.","use SubCategory_Text_EN/AR as: [""query_key""]",Word_search,events,https://uffjlburuvsnstvgyito.supabase.co/storage/v1/object/public/Diwan_Hamdan/Cateories/thumbnail_view/Events_flag day_thumbnail_view.jpg,https://uffjlburuvsnstvgyito.supabase.co/storage/v1/object/public/Diwan_Hamdan/Cateories/Focus/Events_flag day_Focus.jpg,Events_flag day_يوم العلم_Focus,Focus_Live,Events_flag day_يوم العلم_thumbnail_Raw,https://drive.google.com/uc?id=1MyTzTfe-T1Bts48uJiyIVkiYOhtA8t8s&export=download,https://drive.google.com/uc?id=1zxua4gth4u1OkTJSyXGESBuUcvdmp8PO&export=download,https://drive.google.com/uc?id=1fs0vdeFo1QQUpQFDnBBIatoapVtzpEHd&export=download
19,events,أحداث,Religion,دين,eid fitr,عيد الفطر,Religion,دين,"عيد الفطر هنا ليلةُ فرحٍ يجتمع فيها الشملُ والوفاءُ، كضيافةِ الصحراءِ تحتَ هلالِ التمامِ والبركاتِ.  
اقرأ أبياتاً تُعانِقُ القلوبَ بنسيمِ السلامِ والمغفرةِ، حيثُ يصبحُ الاحتفالُ سيفَ عزمٍ يقطعُ أغلالَ الهمومِ.","use SubCategory_Text_EN/AR as: [""query_key""]",Word_search,events,https://uffjlburuvsnstvgyito.supabase.co/storage/v1/object/public/Diwan_Hamdan/Cateories/thumbnail_view/Events_eid fitr_thumbnail_view.jpg,https://uffjlburuvsnstvgyito.supabase.co/storage/v1/object/public/Diwan_Hamdan/Cateories/Focus/Events_eid itr_Focus.jpg,Events_eid itr_عيد الفطر_Focus,Focus_Live,Events_eid_fitr_عيد الفطر_thumbnail_Raw,https://drive.google.com/uc?id=1Ol-OfJcGBkGFTtK7w-4yWIuGRjiGtBiu&export=download,https://drive.google.com/uc?id=1WZqxM9y1BXZQBhJ6bAtRSxK-BS7YSY8v&export=download,https://drive.google.com/uc?id=1N-IWJpuCBGm1mP5-LBjTZ1z1Xi3Bcsl9&export=download
20,events,أحداث,Time,وقت,new year,عام جديد,Time,وقت,"هنا العام الجديد ليس مجرد تاريخ، بل فجرُ أملٍ يُولدُ من رمادِ الماضي، يحملُ في جناحيهِ صقرَ عزمٍ ومطرَ وعدٍ بالمجدِ.  
اقرأ أبياتاً تُشعلُ الروحَ بنورِ البداياتِ، حيث يصبحُ الزمانَ رفيقاً يُعانقُ السحابَ والأحلامَ الأوفى.","use SubCategory_Text_EN/AR as: [""query_key""]",Word_search,events,https://uffjlburuvsnstvgyito.supabase.co/storage/v1/object/public/Diwan_Hamdan/Cateories/thumbnail_view/Events_new year_thumbnail_view.jpg,https://uffjlburuvsnstvgyito.supabase.co/storage/v1/object/public/Diwan_Hamdan/Cateories/Focus/Events_new year_Focus.jpg,Events_new year_عام جديد_Focus,Focus_Live,Events_new_year_عام جديد_thumbnail_Raw,https://drive.google.com/uc?id=1ASoIPoxoAUrqIkBxs_pX_a1DNGeh68Nx&export=download,https://drive.google.com/uc?id=1rT5b9gzqIrp5hejgMgvTRlh9U_FzwkRk&export=download,https://drive.google.com/uc?id=1nRY0bc8dEpXmuY0YCGvYEHUdpFVx1lyi&export=download
21,events,أحداث,Religion,دين,qadr,ليلة القدر,Religion,دين,"ليلة القدر هنا ليست ليلاً واحداً، بل لحظةُ قدرٍ تنير دروبَ الروحِ بضياءِ الوحيِ والتأملِ العميقِ.  
اقرأ أبياتاً تُغوصُ في سرِّ السحرِ الليليِّ، حيثُ يصبحُ الصَّمتُ سيفاً يقطعُ حُبالَ الهمِّ ويُعانِقُ قمَّةَ اليقينِ.","use SubCategory_Text_EN/AR as: [""query_key""]",Word_search,events,https://uffjlburuvsnstvgyito.supabase.co/storage/v1/object/public/Diwan_Hamdan/Cateories/thumbnail_view/Events_qadr_thumbnail_view.jpg,https://uffjlburuvsnstvgyito.supabase.co/storage/v1/object/public/Diwan_Hamdan/Cateories/Focus/Events_qadr_Focus.jpg,Events_qadr_ليلة القدر_Focus,Focus_Live,Events_qadr_ليلة القدر_thumbnail_Raw,https://drive.google.com/uc?id=1uyyjJZ_r43S6lR4CR1lsNnIUeaW0RboI&export=download,https://drive.google.com/uc?id=1XoWmWK61ArUahZEM2KW_G_EsALKqpoAo&export=download,https://drive.google.com/uc?id=1-ebEDKGeNLEcdUlgtgpF6-CD8oYPXaSN&export=download
22,events,أحداث,Religion,دين,umrah,عمرة,Religion,دين,"هنا العمرة رحلةُ روحٍ تطهر القلبَ من غبارِ الدنيا، تلبيةٌ لربٍّ كريمٍ بينَ طيبِ الوردِ والدعاءِ الصادقِ.  
اقرأ أبياتَ تُحيي الخشوعَ في الصدرِ، حيثُ يصبحُ التلبيةُ سيفَ عزمٍ ونسيمَ رضاٍ يُعانقُ السَّماءَ.","use SubCategory_Text_EN/AR as: [""query_key""]",Word_search,events,https://uffjlburuvsnstvgyito.supabase.co/storage/v1/object/public/Diwan_Hamdan/Cateories/thumbnail_view/Events_umrah_thumbnail_view.jpg,https://uffjlburuvsnstvgyito.supabase.co/storage/v1/object/public/Diwan_Hamdan/Cateories/Focus/Events_umrah_Focus.jpg,Events_umrah_عمرة_Focus,Focus_Live,Events_umrah_عمرة_thumbnail_Raw,https://drive.google.com/uc?id=1s9SiEE9HroSp1sv_OyG0559jvlx0uupy&export=download,https://drive.google.com/uc?id=1vb4fhi95jhIqEdwAgkVvF1DByQMT9W9o&export=download,https://drive.google.com/uc?id=1ipfq-FuNu-W2eUCzgNChh0xsqnAMMR-w&export=download
23,events,أحداث,Religion,دين,sohor,السحور,Religion,دين,"السحور هنا ليس مجرد ليلةِ صيامٍ، بل همسُ الروحِ مع النجمِ والقلبِ يرتوي من ندى الإيمانِ والشوقِ.  
اقرأ أبياتاً تُوقظُ الفجرَ في الصدرِ، حيث يصبحُ الصبرَ صقراً يعانقُ السحابَ والوفاءَ سيفاً يقطعُ الظمأَ.","use SubCategory_Text_EN/AR as: [""query_key""]",Word_search,events,https://uffjlburuvsnstvgyito.supabase.co/storage/v1/object/public/Diwan_Hamdan/Cateories/thumbnail_view/Events_sohor_thumbnail_view.jpg,https://uffjlburuvsnstvgyito.supabase.co/storage/v1/object/public/Diwan_Hamdan/Cateories/Focus/Events_sohor_Focus.jpg,Events_sohor_السحور_Focus,Focus_Live,Events_sohor_السحور_thumbnail_Raw,https://drive.google.com/uc?id=1DbKg3xp5E2NJ4KcDkwkgMIjrYvt62X2Q&export=download,https://drive.google.com/uc?id=1eHOWsw-47WAkPl3299ZQcHL0V9t1DBGT&export=download,https://drive.google.com/uc?id=1xncJOYOoSQf6usVi27Gd574f9T4pbxqq&export=download
24,events,أحداث,Love,حب,valentine,عيد الحب,Love,حب,"هنا عيدُ الحبِّ غزلٌ فزّاعيٌّ، عيونُها سيوفٌ تُذيبُ القلوبِ والشوقُ جمرٌ يُوقدُ في الصدورِ نوداً.  
أغوصْ في قوافٍ تُزيِنُ الوفاءَ بالخزامى، حيثُ يُصبحُ العتابُ عسلاً والحبُّ وطناً أبديّاً.","use SubCategory_Text_EN/AR as: [""query_key""]",Word_search,events,https://uffjlburuvsnstvgyito.supabase.co/storage/v1/object/public/Diwan_Hamdan/Cateories/thumbnail_view/Events_valentine_thumbnail_view.jpg,https://uffjlburuvsnstvgyito.supabase.co/storage/v1/object/public/Diwan_Hamdan/Cateories/Focus/Events_valentine_Focus.jpg,Events_valentine_عيد الحب_Focus,Focus_Live,Events_valentine_عيد الحب_thumbnail_Raw,https://drive.google.com/uc?id=1AwA1BTI1fOf6nRFwpu8AekO4sm0kFNp8&export=download,https://drive.google.com/uc?id=1dBWTBuZ7ct9AKc9MjgNCFS6rCqVcaVI7&export=download,https://drive.google.com/uc?id=1Ka3SO31lG-2hhLRIf-vXEzCDFb6Xkokq&export=download
25,events,أحداث,Time,وقت,friday,صلاة الجمعة,Time,وقت,"صلاةُ الجمعة هنا نداءُ الروحِ إلى محرابِ الوحدةِ والخشوعِ، حيثُ يلتقي القلوبُ تحتَ ظلِّ السماءِ الرحمانيةِ.  
اقرأْ أبياتاً تُوقِظُ في الصدرِ خشوعَ الصَّدْرِ، وتُحيي في النَّفْسِ عَبْقَ الْجَمْعَةِ برَوْحِ الصَّلاَةِ وَالْفَجْرِ الْمُبِينِ.","use SubCategory_Text_EN/AR as: [""query_key""]",Word_search,events,https://uffjlburuvsnstvgyito.supabase.co/storage/v1/object/public/Diwan_Hamdan/Cateories/thumbnail_view/Events_friday_thumbnail_view.jpg,https://uffjlburuvsnstvgyito.supabase.co/storage/v1/object/public/Diwan_Hamdan/Cateories/Focus/Events_friday_Focus.jpg,Events_friday_صلاة الجمعة_Focus,Focus_Live,Events_friday_صلاة الجمعة_thumbnail_Raw,https://drive.google.com/uc?id=1eIiD7TnosuMqkUbCKg9kb8ioPCZJl_1k&export=download,https://drive.google.com/uc?id=1kB1_VTUR0fRrWnUOQRjnyHPkJ6Hb7JWI&export=download,https://drive.google.com/uc?id=1Ud3peyV90NTyhXLk5l4SN9xsz1umB06Z&export=download
26,events,أحداث,Time,وقت,birthday,عيد ميلاد,Time,وقت,"هنا عيد الميلاد احتفاءٌ بالروح في حضرة الوطن، عرسٌ من الفرح يجمع الشمسَ بالنجوم والأحلامَ بالغدِ المشرقِ.  
اقرأ أبياتَ البهجةِ النابضةِ، حيث يصبحُ الزمنُ هديةً والعمرُ قصيدةَ فخرٍ تعانقُ السحابَ.","use SubCategory_Text_EN/AR as: [""query_key""]",Word_search,events,https://uffjlburuvsnstvgyito.supabase.co/storage/v1/object/public/Diwan_Hamdan/Cateories/thumbnail_view/Events_birthday_thumbnail_view.jpg,https://uffjlburuvsnstvgyito.supabase.co/storage/v1/object/public/Diwan_Hamdan/Cateories/Focus/Events_birthday_Focus.jpg,Events_birthday_عيد ميلاد_Focus,Focus_Live,Events_birthday_عيد ميلاد_thumbnail_Raw,https://drive.google.com/uc?id=1ByGDX2XiDdz1eVIzdTwllTiKEXh5hZsQ&export=download,https://drive.google.com/uc?id=1ovfB91Y2hhmaYEIduKbbEZAU7BtEiImU&export=download,https://drive.google.com/uc?id=1z5ZpbomoVmeV6qg7dMQuq_TvlPKGswgw&export=download
27,events,أحداث,heritage,تراث,hawks,صيد الصقور,heritage,تراث,"الصيدُ هنا ليس مطاردة طير، بل حوارُ الروح مع الصقر أخاً للشموخ، يعانق السحابَ بالصبر والعزمِ الجارحِ.  
اقرأ أبياتَ تُعلِّمُ النبلَ في القنص، حيث يصبحُ الفريسُ درساً والطيارُ سيفَ الفخرِ في صدورِ الأحرارِ.","use SubCategory_Text_EN/AR as: [""query_key""]",Word_search,events,https://uffjlburuvsnstvgyito.supabase.co/storage/v1/object/public/Diwan_Hamdan/Cateories/thumbnail_view/Events_hawks_thumbnail_view.jpg,https://uffjlburuvsnstvgyito.supabase.co/storage/v1/object/public/Diwan_Hamdan/Cateories/Focus/Events_hawks_Focus.jpg,Events_hawks_صيد الصقور_Focus,Focus_Live,Events_hawks_صيد الصقور_thumbnail_Raw,https://drive.google.com/uc?id=1yQ8W6HAsQLhKGUkep_XgoNC2AnNWBYGn&export=download,https://drive.google.com/uc?id=1L2bDLRCAETuor2LY7y3Z2SAVM3rWSns7&export=download,https://drive.google.com/uc?id=14M0SRsriKW1BPFBGWgRKmRv8qtRfP02X&export=download
28,events,أحداث,Religion,دين,ramadan,رمضان,Religion,دين,"رمضان هنا ليس شهراً فحسب، بل نسيمُ صبرٍ يُطفئ ظمأ الروح، وإفطارُ قلوبٍ على موائد التقوى والغفران.  
اقرأ أبياتاً تُضيء الليالي بسرّ الصيام، حيث يصبح الجوعُ شهداً والدعاءَ سيفَ النصر على النفس.","use SubCategory_Text_EN/AR as: [""query_key""]",Word_search,events,https://uffjlburuvsnstvgyito.supabase.co/storage/v1/object/public/Diwan_Hamdan/Cateories/thumbnail_view/Events_ramadan_thumbnail_view.jpg,https://uffjlburuvsnstvgyito.supabase.co/storage/v1/object/public/Diwan_Hamdan/Cateories/Focus/Events_ramadan_Focus.jpg,Events_ramadan_رمضان_Focus,Focus_Live,Events_ramadan_رمضان_thumbnail_Raw,https://drive.google.com/uc?id=1ueDqVQNYglRVokBNc4ldF13KjO5zNLfj&export=download,https://drive.google.com/uc?id=168JdTUhp4F55TunuhWogN13tVlHUSETw&export=download,https://drive.google.com/uc?id=1YN7dwFTAK8M3-ce6sCfsUfUMEEQLhYx-&export=download
29,events,أحداث,Time,وقت,breakfast,الإفطار,Time,وقت,"الإفطار هنا لحظةُ انفراجٍ بعد صيام الشوق، رمضانُ يُكسرُ بتمرِ الوفاء ونسيمِ السماءِ الرحماني.  
اقرأ أبياتاً تُذيبُ عطشَ الروحِ بمطرِ البركةِ، حيثُ يصبحُ كلُّ لقمةٍ عهداً بالقربِ والسكينةِ.","use SubCategory_Text_EN/AR as: [""query_key""]",Word_search,events,https://uffjlburuvsnstvgyito.supabase.co/storage/v1/object/public/Diwan_Hamdan/Cateories/thumbnail_view/Events_breakfast_thumbnail_view.jpg,https://uffjlburuvsnstvgyito.supabase.co/storage/v1/object/public/Diwan_Hamdan/Cateories/Focus/Events_breakfast_Focus.jpg,Events_breakfast_الإفطار_Focus,Focus_Live,Events_breakfast_الإفطار_thumbnail_Raw,https://drive.google.com/uc?id=1yntCxJghe1zTaaUH3po_D2ugum-j2VQf&export=download,https://drive.google.com/uc?id=1uyhV8hVeuAOHynqcl6FO0ZlTYVcCFfL5&export=download,https://drive.google.com/uc?id=1v6eqZNU5BMhKB66e2-tqjypD19q3pL_m&export=download
30,events,أحداث,UAE,أحداث وطنية,innaguration,عيد الجلوس,UAE,أحداث وطنية,"عيد الجلوس هنا احتفاءٌ بالمجالس النبيلة، حيث يجتمع الشيوخُ على القهوةِ والحكي ينسجُ خيوطَ الوفاءِ والعزمِ.  
اقرأ أبياتاً تُوقظُ في الصدرِ نبضَ الصحبةِ، كالصقرِ يعلوَ مع إخوانِهِ في سماءِ الشموخِ والمجدِ.","use SubCategory_Text_EN/AR as: [""query_key""]",Word_search,events,https://uffjlburuvsnstvgyito.supabase.co/storage/v1/object/public/Diwan_Hamdan/Cateories/thumbnail_view/Events_innaguration_thumbnail_view.jpg,https://uffjlburuvsnstvgyito.supabase.co/storage/v1/object/public/Diwan_Hamdan/Cateories/Focus/Events_innaguration_Focus.jpg,Events_innaguration_عيد الجلوس_Focus,Focus_Live,Events_innaguration_عيد الجلوس_thumbnail_Raw,https://drive.google.com/uc?id=1KL7Ii7BOeyZgRF43wJlq9fKHzHyiLDvi&export=download,https://drive.google.com/uc?id=1EeNQQPNIuCCuuoYul98eTAHJnkPWJW-2&export=download,https://drive.google.com/uc?id=1vmu3I4RwRQyyXe5ax4vVE-dgjDXDREH9&export=download
31,events,أحداث,Religion,دين,hajj,الحج,Religion,دين,"الْحِجْنُ هُنَا لَيْسَ إِبِلًا فَقَطْ، بَلْ أَخَوَةُ الصَّحْرَاءِ وَصَبْرُ الْبَادِيَةِ يَحْمِلُ الْأَسْرَارَ فِي عُيُونِهِ الْغَائِرَةِ.  
اقْرَأْ أَبْيَاتًا تُحَيِّي الْحِجْنَ رَفِيقَ الْمَسِيرِ، حَيْثُ يَصْبِحُ الْوَفَاءُ سَيْفًا وَالْعَزْمُ نَجْمًا يَهْدِي الْقُلُوبَ.","use SubCategory_Text_EN/AR as: [""query_key""]",Word_search,events,https://uffjlburuvsnstvgyito.supabase.co/storage/v1/object/public/Diwan_Hamdan/Cateories/thumbnail_view/Events_hajj_thumbnail_view.jpg,https://uffjlburuvsnstvgyito.supabase.co/storage/v1/object/public/Diwan_Hamdan/Cateories/Focus/Events_hajj_Focus.jpg,Events_hajj_الحج_Focus,Focus_Live,Events_hajj_الحج_thumbnail_Raw,https://drive.google.com/uc?id=1GRTZ5NwLYK-Kzd2twRH-AvyMiSEUYEP5&export=download,https://drive.google.com/uc?id=1NzKglYpBPUvqjbuVPsoMRiBTSZgVMxg2&export=download,https://drive.google.com/uc?id=12EyEdiUSVt2g8rhacwhKPETXr7-8Y5EO&export=download
32,events,أحداث,heritage,تراث,horses,سباق الخيل,heritage,تراث,"الخيل هنا ليست دابة سباق فحسب، بل شريانُ الدماء في عروق الفرسان، وريحُ الصحراء تُركض نحو مجدٍ لا يُدرك.  
اقرأ أبياتاً تُشعل حماس الروح، حيث يصبح الإباءُ سيفاً والخفقُ ترنيمةَ النبلاء في ميادين الشرف.","use SubCategory_Text_EN/AR as: [""query_key""]",Word_search,events,https://uffjlburuvsnstvgyito.supabase.co/storage/v1/object/public/Diwan_Hamdan/Cateories/thumbnail_view/Events_horses_thumbnail_view.jpg,https://uffjlburuvsnstvgyito.supabase.co/storage/v1/object/public/Diwan_Hamdan/Cateories/Focus/Events_horses_Focus.jpg,Events_horses_سباق الخيل_Focus,Focus_Live,Events_horses_سباق الخيل_thumbnail_Raw,https://drive.google.com/uc?id=1gGm6OgL2AIIG5P1YIiNqk5j94M0y3gWB&export=download,https://drive.google.com/uc?id=1eiT1lKjSI9ZtcYZqZuiaEAino2-SFNc3&export=download,https://drive.google.com/uc?id=1_UQDiD4B9WAKLLepmLQdeyI4MsrvTCUR&export=download
33,events,أحداث,Religion,دين,arafat,وقفة عرفات,Religion,دين,"هنا وقفةُ عرفاتِ لحظةُ تأملٍ عميقٍ في صحراءِ الروحِ، حيثُ يلتقي الشوقُ بالسماءِ والتوبةُ سيفاً يقطعُ غبارَ الذنوبِ.  
اقرأ أبياتاً تُعيدُ صياغةَ الوقوفِ قصيدةَ وفاءٍ، تجعلُ القلبَ يعانقُ رحمةَ السماءِ كنسيمِ مطرٍ في رمالِ الإماراتِ.","use SubCategory_Text_EN/AR as: [""query_key""]",Word_search,events,https://uffjlburuvsnstvgyito.supabase.co/storage/v1/object/public/Diwan_Hamdan/Cateories/thumbnail_view/Events_arafat_thumbnail_view.jpg,https://uffjlburuvsnstvgyito.supabase.co/storage/v1/object/public/Diwan_Hamdan/Cateories/Focus/Events_arafat_Focus.jpg,Events_arafat_وقفة عرفات_Focus,Focus_Live,Events_arafat_وقفة عرفات_thumbnail_Raw,https://drive.google.com/uc?id=1SlepoyOpOsltNpXfqrJEnFZ2zhGjJatm&export=download,https://drive.google.com/uc?id=1AbccWi5JffO-aP4jCRmEZ_yn3a6iO5Ld&export=download,https://drive.google.com/uc?id=112qJra7ZbU-w3RnuXIadrBMOqqOnS2SC&export=download
34,events,أحداث,Religion,دين,hijn,سباق الهجن,Religion,دين,"الهجنُ هنا ليست إبلَ سباق فحسب، بل أرواحٌ تنطلقُ في ميادينِ الشموخِ، تحملُ في عروقِها دمَ الصحراءِ ونبضَ العزْمِ.  
اركبْ معَ أبياتِ الفزاعِ رياحَ المنافسةِ، حيثُ يصبحُ الغبارُ تاجاً والفوزُ درساً في الصَّبرِ والإباءِ.","use SubCategory_Text_EN/AR as: [""query_key""]",Word_search,events,https://uffjlburuvsnstvgyito.supabase.co/storage/v1/object/public/Diwan_Hamdan/Cateories/thumbnail_view/Events_hijn_thumbnail_view.jpg,https://uffjlburuvsnstvgyito.supabase.co/storage/v1/object/public/Diwan_Hamdan/Cateories/Focus/Events_hijn_Focus.jpg,Events_hijn_سباق الهجن_Focus,Focus_Live,Events_hijn_سباق الهجن_thumbnail_Raw,https://drive.google.com/uc?id=10oNwEL2HmYQbAVEsmCdzi9I_V3e3IkqK&export=download,https://drive.google.com/uc?id=1iDa1PdAnp3YuLQVrmQOMGU8hhSF_COOY&export=download,https://drive.google.com/uc?id=1cWwmyElUx3OYG3nXl0Yad1cYiHK9fYF7&export=download
35,People,الشخصيات,The Poet,الشاعر,Khamdan ibn Muhammad ibn Rashid,حمدان بن محمد بن راشد,The Poet,الشاعر,"هنا حمدانُ بنُ محمدٍ، سيفُ دبيٍّ ونجمُها، يرسمُ بالقصيدِ عرشَ الفخرِ والحكمةِ الراسخةِ.  
اقرأْ أبياتَهُ التي تُحيي الروحَ بنسيمِ الصقرِ والمطرِ، فتُصبحُ قلبَكَ وطنًا يُعانِقُ السَّماءَ.","use SubCategory_Text_AR as: [{""name"": ""query_key""]}]ً",Word_search,entites,https://uffjlburuvsnstvgyito.supabase.co/storage/v1/object/public/Diwan_Hamdan/Cateories/thumbnail_view/People_Khamdan ibn Muhammad ibn Rashid_thumbnail_Raw.jpg,https://uffjlburuvsnstvgyito.supabase.co/storage/v1/object/public/Diwan_Hamdan/Cateories/Focus/People_Khamdan ibn Muhammad ibn Rashid_Focus.jpg,People_Khamdan ibn Muhammad ibn Rashid_حمدان بن محمد بن راشد_Focus,view_Live,People_Khamdan ibn Muhammad ibn Rashid_حمدان بن محمد بن راشد_thumbnail_Raw,https://drive.google.com/uc?id=1PgYnnnsA5rMyO0K2gfBkKU0iaj6Vpsxd&export=download,https://drive.google.com/uc?id=1eG998hHRR7c5nSBtrpY24L6SOgazatHc&export=download,https://drive.google.com/uc?id=1KVRBwfUk08JO3cNT_apzeiBO_iJxPTGb&export=download
36,People,الشخصيات,Sheikhs,الشيوخ,Sheikh Mohammed bin Zayed Al Nahyan,شيخ محمد بن زايد آل نهيان,Sheikhs,الشيوخ,"هنا يتجلى محمد بن زايد قائداً شمسَ وطن، يبني المجد بسيفِ حكمةٍ ويروي الأرضِ بعزمٍ كالمطرِ النديّ.  
اقرأ أبياتَ الفخرِ التي تُخلّدُ إرثَهُ، حيث يصبحُ العدلُ ظلّاً والقيادةُ نسرَاً يعانقُ السحابَ.","use SubCategory_Text_AR as: [{""name"": ""query_key""]}]ً",Word_search,entites,https://uffjlburuvsnstvgyito.supabase.co/storage/v1/object/public/Diwan_Hamdan/Cateories/thumbnail_view/People_Sheikh Mohammed bin Zayed Al Nahyan_thumbnail_Raw.jpg,https://uffjlburuvsnstvgyito.supabase.co/storage/v1/object/public/Diwan_Hamdan/Cateories/Focus/People_Sheikh Mohammed bin Zayed Al Nahyan_Focus.jpg,People_Sheikh Mohammed bin Zayed Al Nahyan_شيخ محمد بن زايد آل نهيان_Focus,view_Live,People_Sheikh Mohammed bin Zayed Al Nahyan_شيخ محمد بن زايد آل نهيان_thumbnail_Raw,https://drive.google.com/uc?id=1mJ8jbO5wO0lJadXw9RDcE-udNUdAmOB2&export=download,https://drive.google.com/uc?id=12JQd9T5EJc8BNBQEd5Mz_Ied7B0yR-Dw&export=download,https://drive.google.com/uc?id=1Bwg8DPmtdArbOm1CS6Ga0NUKssmNV1e3&export=download
37,People,الشخصيات,Kings and Presidents,ملوك و رؤساء,Sultan Qaboos,السلطان قابوس,Kings and Presidents,ملوك و رؤساء,"هنا يُخلَّد السلطان قابوسُ قائداً عربياً عظيماً، رمزَ حكمةٍ وعزمٍ يُشبه إرثَ زايد ومحمد في بناء المجد.  
اقرأ أبياتاً تُعانق شموخَهُ بالفخر الخالد، حيث يصبحُ عزُّهُ سيفاً يحمي الروحَ والأوطان.","use SubCategory_Text_AR as: [{""name"": ""query_key""]}]ً",Word_search,entites,https://uffjlburuvsnstvgyito.supabase.co/storage/v1/object/public/Diwan_Hamdan/Cateories/thumbnail_view/People_Sultan Qaboos_thumbnail_Raw.jpg,https://uffjlburuvsnstvgyito.supabase.co/storage/v1/object/public/Diwan_Hamdan/Cateories/Focus/People_Sultan Qaboos_Focus.jpg,People_Sultan Qaboos_السلطان قابوس_Focus,view_Live,People_Sultan Qaboos_السلطان قابوس_thumbnail_Raw,https://drive.google.com/uc?id=1oQdbXx_xVy0OLp2KmVFYt6EomDBO0f8x&export=download,https://drive.google.com/uc?id=1KUH0jcIrONToNp7aKqzjlm_NXKhMMN22&export=download,https://drive.google.com/uc?id=1VLn2XT4dCrQZgUYCgJbzL9LBZJOSPpxs&export=download
38,People,الشخصيات,Founding Fathers,الاباء المؤسسون,Sheikh Khalifa bin Zayed Al Nahyan,شيخ خليفة بن زايد آل نهيان,Founding Fathers,الاباء المؤسسون,"هنا يتجلى الشيخ خليفة إرثَ قيادةٍ من زايد، حيث العطاءُ سحابٌ والبناءُ جبالٌ تهزُّ القلوبَ شموخاً.  
اقرأ أبياتَ الفخرِ التي تروي كيف صَنَعَ المجدَ بالحكمةِ، فَيَصبحُ الوطنُ صقراً يَعْلو السَّمَاءَ بالعَزْمِ.","use SubCategory_Text_AR as: [{""name"": ""query_key""]}]ً",Word_search,entites,https://uffjlburuvsnstvgyito.supabase.co/storage/v1/object/public/Diwan_Hamdan/Cateories/thumbnail_view/People_Sheikh Khalifa bin Zayed Al Nahyan_thumbnail_Raw.jpg,https://uffjlburuvsnstvgyito.supabase.co/storage/v1/object/public/Diwan_Hamdan/Cateories/Focus/People_Sheikh Khalifa bin Zayed Al Nahyan_Focus.jpg,People_Sheikh Khalifa bin Zayed Al Nahyan_شيخ خليفة بن زايد آل نهيان_Focus,view_Live,People_Sheikh Khalifa bin Zayed Al Nahyan_شيخ خليفة بن زايد آل نهيان_thumbnail_Raw,https://drive.google.com/uc?id=1ykEHufrKCQoD35MnNnxHIE02ZYUVZt_z&export=download,https://drive.google.com/uc?id=12vZHqwVKTGykkE5N7jKwilaBtg-TdfeU&export=download,https://drive.google.com/uc?id=1b7NUBHpSMg7oZj9H7LyWAGn_9wJ90qxK&export=download
39,People,الشخصيات,Founding Fathers,الاباء المؤسسون,Sheikh Zayed bin Sultan Al Nahyan,شيخ زايد بن سلطان آل نهيان,Founding Fathers,الاباء المؤسسون,"هنا شيخ زايد إرثُ قيادةٍ أبديّة، سيفُ حكمةٍ يحمي الرمال ويزرعُ فيها الخضرةَ والأماني.  
اقرأ أبياتاً تُمجِّدُ بناءَ الإماراتِ بيدٍ حديديّةٍ وعزمٍ يعانقُ السُّمُوَّ والفَخْرَ الأصيْلَ.","use SubCategory_Text_AR as: [{""name"": ""query_key""]}]ً",Word_search,entites,https://uffjlburuvsnstvgyito.supabase.co/storage/v1/object/public/Diwan_Hamdan/Cateories/thumbnail_view/People_Sheikh Zayed bin Sultan Al Nahyan_thumbnail_Raw.jpg,https://uffjlburuvsnstvgyito.supabase.co/storage/v1/object/public/Diwan_Hamdan/Cateories/Focus/People_Sheikh Zayed bin Sultan Al Nahyan_Focus.jpg,People_Sheikh Zayed bin Sultan Al Nahyan_شيخ زايد بن سلطان آل نهيان_Focus,view_Live,People_Sheikh Zayed bin Sultan Al Nahyan_شيخ زايد بن سلطان آل نهيان_thumbnail_Raw,https://drive.google.com/uc?id=1vbi5_5Tb2_w1KiIMftLuzfrohNVyJt2s&export=download,https://drive.google.com/uc?id=1ImO3JYt9MIGgqE1z3RA6clipNLBAnJe8&export=download,https://drive.google.com/uc?id=1fwgrBlcDAMNLa630kW09DJQrV4le6-4i&export=download
40,People,الشخصيات,Kings and Presidents,ملوك و رؤساء,Mohammed bin Salman,محمد بن سلمان,Kings and Presidents,ملوك و رؤساء,"لا يُدرج ""محمد بن سلمان"" ضمن ديوان الفزاع، فالقصائد تُمجّد قادة الإمارات كزايد ومحمد بن راشد.  
اقرأ إرث القيادة الإماراتية في أبياتٍ تُبني المجد سيفاً والعدلَ ظلّاً للوطن.","use SubCategory_Text_AR as: [{""name"": ""query_key""]}]ً",Word_search,entites,https://uffjlburuvsnstvgyito.supabase.co/storage/v1/object/public/Diwan_Hamdan/Cateories/thumbnail_view/People_Mohammed bin Salman_thumbnail_Raw.jpg,https://uffjlburuvsnstvgyito.supabase.co/storage/v1/object/public/Diwan_Hamdan/Cateories/Focus/People_Mohammed bin Salman_Focus.jpg,People_Mohammed bin Salman_محمد بن سلمان_Focus,view_Live,People_Mohammed bin Salman_محمد بن سلمان_thumbnail_Raw,https://drive.google.com/uc?id=15gSdUBK5xU7ZIYAkppXAGKRDT9waFJC5&export=download,https://drive.google.com/uc?id=1k0mnlQUtOTUyBptJGir2BM-r1eCNhT0W&export=download,https://drive.google.com/uc?id=1y48KDboL58L1jhWySqxsQx5flIb-bg1P&export=download
41,People,الشخصيات,Sheikhs,الشيوخ,Sheikh Mohammed bin Rashid Al Maktoum,شيخ محمد بن راشد آل مكتوم,Sheikhs,الشيوخ,"هنا يتجسَّدُ محمدُ بنُ راشدٍ قائِدَةً تُشَيِّدُ الإماراتِ بِعَزْمٍ وَحِكْمَةٍ تَمْلَأُ السَّمَاءَ.  
اقْرَأْ أَبْيَاتًا تُرَفْعُ الفَخْرَ كَالصَّقْرِ، وَتَبْنِي مَجْدَ دُبَيْ وَالْوَطَنِ بِالْعَدْلِ وَالْكَرَمِ.","use SubCategory_Text_AR as: [{""name"": ""query_key""]}]ً",Word_search,entites,https://uffjlburuvsnstvgyito.supabase.co/storage/v1/object/public/Diwan_Hamdan/Cateories/thumbnail_view/People_Sheikh Mohammed bin Rashid Al Maktoum_thumbnail_Raw.jpg,https://uffjlburuvsnstvgyito.supabase.co/storage/v1/object/public/Diwan_Hamdan/Cateories/Focus/People_Sheikh Mohammed bin Rashid Al Maktoum_Focus.jpg,People_Sheikh Mohammed bin Rashid Al Maktoum_شيخ محمد بن راشد آل مكتوم_Focus,view_Live,People_Sheikh Mohammed bin Rashid Al Maktoum_شيخ محمد بن راشد آل مكتوم_thumbnail_Raw,https://drive.google.com/uc?id=1OWMPdki5Zy6VJyh1IXo4Yhr0oWgtuiD6&export=download,https://drive.google.com/uc?id=10BpbIT0sv6WaP5yWou6fvWxMtWnJ573T&export=download,https://drive.google.com/uc?id=1as6bhL-6b0OVUYnrR4U-5noB5xk-_DwI&export=download
42,People,الشخصيات,Family,العائلة,Sheikh Rashid bin Said Al Maktoum,شيخ راشد بن سعيد آل مكتوم,Family,العائلة,"هنا يتجسد إرثُ راشدِ بنِ سعيدٍ قائداً مبنياً الإماراتِ من رمالِ الصحراءِ إلى سُمُوِّ البرجِ.  
اقرأْ أبياتاً تُحيي فَخْرَ الآباءِ، حيثُ يصبحُ العَزْمُ سيفاً يَشُقُّ المَجْدَ وَيَبْنِي دُوْلَةً تَعَانِقُ السَّحَابَ.","use SubCategory_Text_AR as: [{""name"": ""query_key""]}]ً",Word_search,entites,https://uffjlburuvsnstvgyito.supabase.co/storage/v1/object/public/Diwan_Hamdan/Cateories/thumbnail_view/People_Sheikh Rashid bin Said Al Maktoum_thumbnail_Raw.jpg,https://uffjlburuvsnstvgyito.supabase.co/storage/v1/object/public/Diwan_Hamdan/Cateories/Focus/People_Sheikh Rashid bin Said Al Maktoum_Focus.jpg,People_Sheikh Rashid bin Said Al Maktoum_شيخ راشد بن سعيد آل مكتوم_Focus,view_Live,People_Sheikh Rashid bin Said Al Maktoum_شيخ راشد بن سعيد آل مكتوم_thumbnail_Raw,https://drive.google.com/uc?id=1S9EK0VtwA-RCRGn1SJnVHWnsTECPS15q&export=download,https://drive.google.com/uc?id=12Qj6f0JLS0563a44K6qdgbdm0d6-wzvA&export=download,https://drive.google.com/uc?id=1BZq1JOK0KRH_L_WkxfOCxmpJIaVanqpX&export=download
43,places,أماكن,places,أماكن,pure site,أماكن مجردة,places,أماكن,الأماكن المجردة هنا ليست فراغاً، بل عوالم نفسية تنبض؛ الروح سفينة في بحر الشوق، والقلب مدينةً تُبنى من أنين الذكريات. غُص في أبيات تُحوّل الغيابَ إلى حضورٍ يعانق السحاب، ويجعل الفراقَ درساً في صبر القلوب النبيلة.,"use SubCategory_Text_AR as:[{""type"": ""query_key""]}]ً",Word_search,places,https://uffjlburuvsnstvgyito.supabase.co/storage/v1/object/public/Diwan_Hamdan/Cateories/thumbnail_view/Places_pure site_thumbnail_view.jpg,https://uffjlburuvsnstvgyito.supabase.co/storage/v1/object/public/Diwan_Hamdan/Cateories/Focus/Places_pure site_Focus.jpg,Places_pure site_أماكن مجردة_Focus,Image_issue,Places_pure site_أماكن مجردة_thumbnail_Raw,https://drive.google.com/uc?id=1AhvWxun3cSxwF9DrbFgjwl-oXTDyW_dc&export=download,https://drive.google.com/uc?id=1oJ_SsyGMJ27fUBvtazsT6FPNs6gr6Fld&export=download,https://drive.google.com/uc?id=1t_j-Md0vFqGjkWS32i3WoTMkD45jBIER&export=download
44,places,أماكن,places,أماكن,social site,أماكن اجتماعية,places,أماكن,"هنا الأماكن الاجتماعية مجالسُ شيوخٍ وديوانياتٍ تنبضُ بالحياة، حيثُ الكلمةُ ميزانُ والضحكُ سيفُ ودٍّ يُقطِّعُ الهموم.  
اقرأ أبياتاً تُحيي رائحةَ القهوةِ والمجلسِ، فتُعيدُ للروحِ دفءَ الأهلِ والوفاءَ الأصيلَ.","use SubCategory_Text_AR as:[{""type"": ""query_key""]}]ً",Word_search,places,https://uffjlburuvsnstvgyito.supabase.co/storage/v1/object/public/Diwan_Hamdan/Cateories/thumbnail_view/Places_social site_thumbnail_view.jpg,https://uffjlburuvsnstvgyito.supabase.co/storage/v1/object/public/Diwan_Hamdan/Cateories/Focus/Places_social site_Focus.jpg,Places_social site_أماكن اجتماعية_Focus,Focus_Live,Places_social site_أماكن اجتماعية_thumbnail_Raw,https://drive.google.com/uc?id=1AvyydJ4c7whQyqZn-IL4BBthDAA7nrZz&export=download,https://drive.google.com/uc?id=1u1hRYuE-HDTg4Ec3uZxjy5LR-TtrGpV5&export=download,https://drive.google.com/uc?id=1UEHp-djFwMPlpE-t0KeDv5gZ6U1xc_tT&export=download
45,places,أماكن,places,أماكن,uae site,أراضي إمارتية,places,أماكن,"الأراضي الإمارتية هنا ليست رمالاً بل نبضُ وطنٍ يهمس بالمجد، من رمال ليوا الذهبية إلى قمم زعبيل الشمّاء.  
اقرأ أبياتاً ترسم الترابَ تاجاً، وتجعل من هواء الإماراتَ نسيمَ عزٍّ يُحيي الروحَ والفخر.","use SubCategory_Text_AR as:[{""type"": ""query_key""]}]ً",Word_search,places,https://uffjlburuvsnstvgyito.supabase.co/storage/v1/object/public/Diwan_Hamdan/Cateories/thumbnail_view/Places_uae site_thumbnail_view.jpg,https://uffjlburuvsnstvgyito.supabase.co/storage/v1/object/public/Diwan_Hamdan/Cateories/Focus/Places_uae site_Focus.jpg,Places_uae site_أراضي إمارتية_Focus,Focus_Live,Places_uae site_أراضي إمارتية_thumbnail_Raw,https://drive.google.com/uc?id=1qtVskdujR2W77nrHfhD6xoU4OyFwxjkc&export=download,https://drive.google.com/uc?id=1NKKxNLWBrK9KnoUJWezwNskw_U55Lmlv&export=download,https://drive.google.com/uc?id=1jBJA5RYIfXOl87MEbXZhq2R5naA3UlY9&export=download
46,places,أماكن,places,أماكن,zabeel site,قصر زعبيل,places,أماكن,"زعبيلُ هنا قصرٌ من الرمالِ والشموخِ، حيثُ يلتقي المجدُ بظلالِ الصحراءِ وأصداءِ التاريخِ العتيقِ.  
اقرأْ أبياتاً تُحيي ذاكرةَ الوطنِ، فتصبحُ جدرانُهُ سيوفَ فخرٍ وأبوابهُ أجنحةَ طيرِ العزِّ.","use SubCategory_Text_AR as:[{""type"": ""query_key""]}]ً",Word_search,places,https://uffjlburuvsnstvgyito.supabase.co/storage/v1/object/public/Diwan_Hamdan/Cateories/thumbnail_view/Places_zabeel site_thumbnail_view.jpg,https://uffjlburuvsnstvgyito.supabase.co/storage/v1/object/public/Diwan_Hamdan/Cateories/Focus/Places_zabeel site_Focus.jpg,Places_zabeel site_قصر زعبيل_Focus,Focus_Live,Places_zabeel site_قصر زعبيل_thumbnail_Raw,https://drive.google.com/uc?id=1MVLyr5DhpR3awtrCyAyq9NfG5YxVCdL3&export=download,https://drive.google.com/uc?id=1_E3Qhtu1-9SZ5uhLyVLx3dTclsmWv31G&export=download,https://drive.google.com/uc?id=1TktSJuvR_fjJtj88XnHh8SsTuo6kHxI6&export=download
47,places,أماكن,places,أماكن,arabic site,أماكن عربية,places,أماكن,هنا الأماكن العربية ليست جغرافيا فحسب، بل ذاكرةُ وطنٍ تمتدُّ من رمال الإمارات إلى شموخ الجبال والوديان العذبة. تجول في أبيات ترسم الترابَ تاجَ عزٍّ، وتحوِّل هواءَ الديارِ نسيمَ فخرٍ يُحيي الروحَ والأحلام.,"use SubCategory_Text_AR as:[{""type"": ""query_key""]}]ً",Word_search,places,https://uffjlburuvsnstvgyito.supabase.co/storage/v1/object/public/Diwan_Hamdan/Cateories/thumbnail_view/Places_arabic site_thumbnail_view.jpg,https://uffjlburuvsnstvgyito.supabase.co/storage/v1/object/public/Diwan_Hamdan/Cateories/Focus/Places_arabic_Focus_Focus.jpg,Places_arabic_sites_Focus_Focus,Focus_Live,Places_arabic site_أماكن عربية_thumbnail_Raw,https://drive.google.com/uc?id=1USXEEH5nUchnqnNwk6AR5ExQzKarZTC_&export=download,https://drive.google.com/uc?id=1059YYNX6VjogCFEE89dFAzLTI75oUshh&export=download,https://drive.google.com/uc?id=1o6FyGnFKGqYnSpj9UcRUWAuX4Y1iXJRB&export=download
48,places,أماكن,places,أماكن,nature site,طبيعة عامة,places,أماكن,الطبيعة هنا ليست مشهدًا فحسب، بل روحُ الصحراءِ النابضةِ بالصقورِ الشمّاءِ والإبلِ الأصيلةِ، والمطرِ الذي يروي الرمالَ الظمأى. غُصْ في أبياتٍ تُحيي البراريَ والجبالَ، حيثُ يلتقي الصَّبرُ بالجمالِ في حضرةِ الخالقِ.,"use SubCategory_Text_AR as:[{""type"": ""query_key""]}]ً",Word_search,places,https://uffjlburuvsnstvgyito.supabase.co/storage/v1/object/public/Diwan_Hamdan/Cateories/thumbnail_view/Places_nature site_thumbnail_view.jpg,https://uffjlburuvsnstvgyito.supabase.co/storage/v1/object/public/Diwan_Hamdan/Cateories/Focus/Places_nature site_Focus.jpg,Places_nature site_طبيعة عامة_Focus,Focus_Live,Places_nature site_طبيعة عامة_thumbnail_Raw,https://drive.google.com/uc?id=1bHojwwsbOCjDPmAktXFeMYncBLS2-CFZ&export=download,https://drive.google.com/uc?id=1UP3M2pwtHeK2Q9pccWj13-tU2JiSJ2d0&export=download,https://drive.google.com/uc?id=12Mh_4-Jvs7PuvEVj6NJsVizc4ohWuMBG&export=download
49,places,أماكن,places,أماكن,religios site,مواقع دينية,places,أماكن,"هنا المواقع الدينية ليست حجراً فحسب، بل محرابُ الروح حيث يلتقي الخشوعُ بفيض السماءِ والدعاءُ سيفُ الصابرين.  
اقرأ أبياتاً تُعانقُ القدسَ والمسجدَ الحرامَ، فتصبحُ الزيارةُ رحلةَ عودةٍ إلى الذاتِ والأزلِّ.","use SubCategory_Text_AR as:[{""type"": ""query_key""]}]ً",Word_search,places,https://uffjlburuvsnstvgyito.supabase.co/storage/v1/object/public/Diwan_Hamdan/Cateories/thumbnail_view/Places_religios site_thumbnail_view.jpg,https://uffjlburuvsnstvgyito.supabase.co/storage/v1/object/public/Diwan_Hamdan/Cateories/Focus/Places_religios site_Focus.jpg,Places_religios site_مواقع دينية_Focus,Focus_Live,Places_religios site_مواقع دينية_thumbnail_Raw,https://drive.google.com/uc?id=1iVKtuMomzguokLfgtXmBKVzzYa0u4l_s&export=download,https://drive.google.com/uc?id=1UFaipYoVXYTgu5bUFndQPp8iELwgO5LZ&export=download,https://drive.google.com/uc?id=1AGqNrTgipojYf5ZuWNralol8Fei3dHj2&export=download
50,places,أماكن,places,أماكن,nabaty site,مواقع نبطية,places,أماكن,"هنا المواقع النبطية ليست أرضاً فحسب، بل ذاكرةُ قبائل ومجالسِ شيوخٍ تروي حكايا الصحراءِ والوفاءِ والرمالِ الغنّاءِ.  
اقرأ أبياتاً ترسمُ ""الديرة"" قصيدةَ عزٍّ، حيثُ يصبحُ الواديَ والجبلُ رفيقَ الروحِ في دروسِ الحياةِ والشموخِ.","use SubCategory_Text_AR as:[{""type"": ""query_key""]}]ً",Word_search,places,https://uffjlburuvsnstvgyito.supabase.co/storage/v1/object/public/Diwan_Hamdan/Cateories/thumbnail_view/Places_nabaty site_thumbnail_view.jpg,https://uffjlburuvsnstvgyito.supabase.co/storage/v1/object/public/Diwan_Hamdan/Cateories/Focus/Places_nabaty site_Focus.jpg,Places_nabaty site_مواقع نبطية_Focus,Focus_Live,Places_nabaty site_مواقع نبطية_thumbnail_Raw,https://drive.google.com/uc?id=1hejFW81mebJA2pqjygD1Q0lZtV08g4VV&export=download,https://drive.google.com/uc?id=1IHaT9T2MsTVersBx_NlOQMzvBNYmVNks&export=download,https://drive.google.com/uc?id=1dc1s1nJss9VTdBw9vlzga8mhHAiOEpi4&export=download
51,places,أماكن,places,أماكن,landmarks site,معالم إماراتية,places,أماكن,"هنا المعالم إماراتية ليست حجارةً صامتة، بل رموزُ عزٍّ تنبضُ في شرايين الوطن من دبي إلى زعبيل.  
اقرأ أبياتاً ترسمُ شموخَ البرجِ والرمالِ سيوفاً، وتجعلُ الإماراتِ قصيدةً تعانقُ السحابَ والفخرَ.","use SubCategory_Text_AR as:[{""type"": ""query_key""]}]ً",Word_search,places,https://uffjlburuvsnstvgyito.supabase.co/storage/v1/object/public/Diwan_Hamdan/Cateories/thumbnail_view/Places_landmarks site_thumbnail_view.jpg,https://uffjlburuvsnstvgyito.supabase.co/storage/v1/object/public/Diwan_Hamdan/Cateories/Focus/Places_landmarks site_Focus.jpg,Places_landmarks site_معالم إماراتية_Focus,Focus_Live,Places_landmarks site_معالم إماراتية_thumbnail_Raw,https://drive.google.com/uc?id=1hDaShky98oPloZPVWMEvIsD8xIqYM_uZ&export=download,https://drive.google.com/uc?id=11f5O9ldDdzcGZrpBQHcB-L2ZLJ8kECu9&export=download,https://drive.google.com/uc?id=1zeCqeBidyoLX8eqD05hgbqAmOmPxnPZw&export=download
52,sentiments,مشاعر,sentiments,مشاعر,anger,غضب,sentiments,مشاعر,"الغضبُ في قصائد الفزاعِ عاصفةٌ مكبوتةٌ، سيفٌ يلمعُ في صدرِ الصابرِ وبرقٌ يضربُ جبالَ الظلمِ دونَ رحمة.  
غُصْ في أبياتٍ تُهدِّدُ بالانفجارِ، حيثُ يُصبحُ الصمتُ درعاً والعزمُ ناراً تُحرقُ الخيانةَ وتُعيدُ العدلَ.",use SubCategory_Text_AR as: query_key,Word_search,Sentiments,https://uffjlburuvsnstvgyito.supabase.co/storage/v1/object/public/Diwan_Hamdan/Cateories/thumbnail_view/Sentiments_anger_thumbnail_view.jpg,https://uffjlburuvsnstvgyito.supabase.co/storage/v1/object/public/Diwan_Hamdan/Cateories/Focus/Sentiments_anger_Focus.jpg,Sentiments_anger_غضب_Focus,Focus_Live,Sentiments_anger_غضب_thumbnail_Raw,https://drive.google.com/uc?id=1AhUs4E1PliJySQKixO3Euzdgz6ojcdLT&export=download,https://drive.google.com/uc?id=1qQpOetH2upqFWpii1friEYJFvvU7uM8t&export=download,https://drive.google.com/uc?id=1s47np5jeUd4sJQgRq5GbUKhU3J2tVtDU&export=download
53,sentiments,مشاعر,sentiments,مشاعر,missing,حنين,sentiments,مشاعر,"الحنين هنا ليس غياباً فحسب، بل نبعٌ يفيض من رمال الذكرى ونسيم ""النود"" يحمل عطر الخزامى والأيام الغابرة.  
اقرأ أبياتاً تُوقظ الروح من سباتها، حيث يصبح الشوق سيفاً يقطع الليالي ويبني قصوراً من الوفاء الأبدي.",use SubCategory_Text_AR as: query_key,Word_search,Sentiments,https://uffjlburuvsnstvgyito.supabase.co/storage/v1/object/public/Diwan_Hamdan/Cateories/thumbnail_view/Sentiments_missing_thumbnail_view.jpg,https://uffjlburuvsnstvgyito.supabase.co/storage/v1/object/public/Diwan_Hamdan/Cateories/Focus/Sentiments_missing_Focus.jpg,Sentiments_missing_حنين_Focus,Focus_Live,Sentiments_missing_حنين_thumbnail_Raw,https://drive.google.com/uc?id=1pb9DGAhactTCSKTFvp0iKJTqXvinKzLm&export=download,https://drive.google.com/uc?id=1lWOZjYLxSpxD8uUFQ_-Ol8ToQlAEwf-H&export=download,https://drive.google.com/uc?id=1ve2XRRzHu6fYyARmUsO1jpL_sNjKI2FQ&export=download
54,sentiments,مشاعر,sentiments,مشاعر,wisdome,حكمة,sentiments,مشاعر,"تجارب صاغها الشاعر من مدرسة الحياة ومجالس الشيوخ، حيث الكلمة ميزان والصمتُ أحياناً أبلغ من الكلام.  
انهل من نبع الحكمة النبطية التي تعلمك أن العز في التواضع، وأن الأفعال هي من تخلد الرجال.",use SubCategory_Text_AR as: query_key,Word_search,Sentiments,https://uffjlburuvsnstvgyito.supabase.co/storage/v1/object/public/Diwan_Hamdan/Cateories/thumbnail_view/Sentiments_wisdome_thumbnail_view.jpg,https://uffjlburuvsnstvgyito.supabase.co/storage/v1/object/public/Diwan_Hamdan/Cateories/Focus/Sentiments_wisdome_Focus.jpg,Sentiments_wisdome_حكمة_Focus,Focus_Live,Sentiments_wisdome_حكمة_thumbnail_Raw,https://drive.google.com/uc?id=1Ced5T0Y_FsteSxaFJOTd0FDO_zD8GI1E&export=download,https://drive.google.com/uc?id=1NrctyiVNyTJEUEIN_cRLsjjWNaQO0k0V&export=download,https://drive.google.com/uc?id=1Ci0z2f0eI1uL_TNxY8tu_eDwvIBn9hvu&export=download
55,sentiments,مشاعر,sentiments,مشاعر,loath,شوق,sentiments,مشاعر,"الشوقُ في قصائد الفزاعِ نارٌ تشتعلُ في الصدرِ، تُذيبُ اللياليَ وتُحوِّلُ الانتظارَ إلى سيفٍ يقطعُ الأفقَ.  
اقرأْ أبياتاً تُعانِقُ ""النَّوْدَ"" والخزامى، حيثُ يصبحُ الفراقُ درساً في صبرِ العشَّاقِ ووفائهِمِ الأبديِّ.",use SubCategory_Text_AR as: query_key,Word_search,Sentiments,https://uffjlburuvsnstvgyito.supabase.co/storage/v1/object/public/Diwan_Hamdan/Cateories/thumbnail_view/Sentiments_loath_thumbnail_view.jpg,https://uffjlburuvsnstvgyito.supabase.co/storage/v1/object/public/Diwan_Hamdan/Cateories/Focus/Sentiments_loath_Focus.jpg,Sentiments_loath_شوق_Focus,Focus_Live,Sentiments_loath_شوق_thumbnail_Raw,https://drive.google.com/uc?id=1IxtDegNmpueZqbLeOR2X-S0WW4wmpLRN&export=download,https://drive.google.com/uc?id=1MY1hoKLaMxpl9oCrQXjfRyp3YSa4w1XP&export=download,https://drive.google.com/uc?id=11Ik_v6yIl3Ilz4LKuKNiwZKWiEbz4hj1&export=download
56,sentiments,مشاعر,sentiments,مشاعر,pride,فخر,sentiments,مشاعر,"هنا الفخر ليس صوتاً عالياً، بل نبضُ وطنٍ يعانق السماء، من شموخ دبي إلى إرث زايد ومحمد سيفَ عزم.  
اقرأ أبياتاً تُشعل في الصدر جمرَ الكرامة، حيث يصبح الصقرُ أخاً للروح والمطرُ تاجَ الأحرار.",use SubCategory_Text_AR as: query_key,Word_search,Sentiments,https://uffjlburuvsnstvgyito.supabase.co/storage/v1/object/public/Diwan_Hamdan/Cateories/thumbnail_view/Sentiments_pride_thumbnail_view.jpg,https://uffjlburuvsnstvgyito.supabase.co/storage/v1/object/public/Diwan_Hamdan/Cateories/Focus/Sentiments_pride_Focus.jpg,Sentiments_pride_فخر_Focus,Focus_Live,Sentiments_pride_فخر_thumbnail_Raw,https://drive.google.com/uc?id=1xh6YtnyVDnyOuTx23nWqDxeKSgzlC_tE&export=download,https://drive.google.com/uc?id=1GrIDyCzyWjg-4eFzmRyOA5nfQolS1Jnl&export=download,https://drive.google.com/uc?id=1HpP4pjiN2-QMcW_yMTtPaK66aqNjjXkM&export=download
57,sentiments,مشاعر,sentiments,مشاعر,scared,خوف,sentiments,مشاعر,"الخوف هنا ليس رعشةً عابرة، بل همسُ الروح أمام عظمة القدر والفراق الذي يُقيد القلوب كالرياح العاتية.  
غُصْ في أبياتٍ تُروّض الرعبَ بالصبر، حيث يصبح الخوفُ معلّماً يُولدُ من رمالهُ الصقورَ الشجاعة.",use SubCategory_Text_AR as: query_key,Word_search,Sentiments,https://uffjlburuvsnstvgyito.supabase.co/storage/v1/object/public/Diwan_Hamdan/Cateories/thumbnail_view/Sentiments_scared_thumbnail_view.jpg,https://uffjlburuvsnstvgyito.supabase.co/storage/v1/object/public/Diwan_Hamdan/Cateories/Focus/Sentiments_scared_Focus.jpg,Sentiments_scared_خوف_Focus,Focus_Live,Sentiments_scared_خوف_thumbnail_Raw,https://drive.google.com/uc?id=1KP2_JfASZF5zr4ep3kSxJFvYZ5XrpP3B&export=download,https://drive.google.com/uc?id=1OSUFssMHzKP1TlU2EH9ob2-FwIw1hEme&export=download,https://drive.google.com/uc?id=1vJcT6R99gxn-AEw5IiIsaTZhYEDvpz2C&export=download
58,sentiments,مشاعر,sentiments,مشاعر,joy,فرح,sentiments,مشاعر,"الفرح هنا نبعٌ يفيض من صدر الوطن، رذاذُ مطرٍ على رمال الإمارات يُزهرُ الأرواح والأحلام.  
اقرأ أبياتاً تُغني للعزِّ والمجد، حيث يصبح الصقرُ رفيقَ ضحكةٍ تعلو إلى السحاب.",use SubCategory_Text_AR as: query_key,Word_search,Sentiments,https://uffjlburuvsnstvgyito.supabase.co/storage/v1/object/public/Diwan_Hamdan/Cateories/thumbnail_view/Sentiments_joy_thumbnail_view.jpg,https://uffjlburuvsnstvgyito.supabase.co/storage/v1/object/public/Diwan_Hamdan/Cateories/Focus/Sentiments_joy_Focus.jpg,Sentiments_joy_فرح_Focus,Focus_Live,Sentiments_joy_فرح_thumbnail_Raw,https://drive.google.com/uc?id=1M-IDiPVCoA61-9E_E41pMPoaua_5-3iS&export=download,https://drive.google.com/uc?id=1pu2vwJ_KPppwb2kgCKFBIiHMY8DxP545&export=download,https://drive.google.com/uc?id=1RLJCmj773cqf5QPnbS4tQUJxfCjuJaH6&export=download
59,sentiments,مشاعر,sentiments,مشاعر,love,حب,sentiments,مشاعر,"في قصائد الفزاع، الحب معركةٌ عذبة؛ العيون فيها سيوف، والشوق جمرٌ لا يبرد في صدور العاشقين.  
أبحر في قوافي الغزل العفيف، حيث يمتزج عتاب المحبين بنسيم ""النود"" ورائحة ""الخزامى"" والوفاء.",use SubCategory_Text_AR as: query_key,Word_search,Sentiments,https://uffjlburuvsnstvgyito.supabase.co/storage/v1/object/public/Diwan_Hamdan/Cateories/thumbnail_view/Sentiments_love_thumbnail_view.jpg,https://uffjlburuvsnstvgyito.supabase.co/storage/v1/object/public/Diwan_Hamdan/Cateories/Focus/Sentiments_love_Focus.jpg,Sentiments_love_حب_Focus,Focus_Live,Sentiments_love_حب_thumbnail_Raw,https://drive.google.com/uc?id=1HddI4ohiretZ9StLBUZh9SUZVJqc1aQa&export=download,https://drive.google.com/uc?id=1ZDQRgH7YYrSqq28U7tLSjczlpJwJf1tg&export=download,https://drive.google.com/uc?id=1cQivcKLx8QejyptT92EUSqlDKutjsdKL&export=download
60,sentiments,مشاعر,sentiments,مشاعر,meditate,تأمل,sentiments,مشاعر,"التأمل هنا سكونُ الروح أمام آياتِ الكون، حيث يتحدثُ الصمتُ والنجومُ لغةَ الحكمةِ والسرِّ المدفونِ.  
غُصْ في أبياتِ تُعيدُ ترتيبَ القلوبِ، فتصبحُ اللياليُ مدرسةً والرياحُ معلِّماً يُعلِّمُ الصَّبرَ والعُمقَ.",use SubCategory_Text_AR as: query_key,Word_search,Sentiments,https://uffjlburuvsnstvgyito.supabase.co/storage/v1/object/public/Diwan_Hamdan/Cateories/thumbnail_view/Sentiments_meditate_thumbnail_view.jpg,https://uffjlburuvsnstvgyito.supabase.co/storage/v1/object/public/Diwan_Hamdan/Cateories/Focus/Sentiments_meditate_Focus.jpg,Sentiments_meditate_تأمل_Focus,Focus_Live,Sentiments_meditate_تأمل_thumbnail_Raw,https://drive.google.com/uc?id=11oXhivZI2M8tvgeotTo2IexM9yWQaQr-&export=download,https://drive.google.com/uc?id=15Pieax0MxbUBMYTe47AnlnbfJxRJ-0Yi&export=download,https://drive.google.com/uc?id=1p66K-FUa6NmaV-ngrDY3m0dn3Jjj_NAu&export=download
61,sentiments,مشاعر,sentiments,مشاعر,patience,صبر,sentiments,مشاعر,"الصبر هنا ليس انتظاراً عابراً، بل سيفُ الصقرِ في القنصِ وسِرُّ الإبلِ في الصحراءِ الحارقةِ.  
اقرأ أبياتاً تُعلِّمُكَ الصَّمْتَ قوَّةً، والثباتَ جِبْرِيلاً يُولِّدُ المَجْدَ مِنْ رَمْلِ الْعَثْرَةِ.",use SubCategory_Text_AR as: query_key,Word_search,Sentiments,https://uffjlburuvsnstvgyito.supabase.co/storage/v1/object/public/Diwan_Hamdan/Cateories/thumbnail_view/Sentiments_patience_thumbnail_view.jpg,https://uffjlburuvsnstvgyito.supabase.co/storage/v1/object/public/Diwan_Hamdan/Cateories/Focus/Sentiments_patience_Focus.jpg,Sentiments_patience_صبر_Focus,Focus_Live,Sentiments_patience_صبر_thumbnail_Raw,https://drive.google.com/uc?id=1DQeZJypi8y3wFUsRz9retFHDbxEoqdoX&export=download,https://drive.google.com/uc?id=1fDUC_hxo_ffSaMbUlNkWp7bYkmRzjfVJ&export=download,https://drive.google.com/uc?id=19DgMaZ8Vy8ReMTcPeZ7PSTEFk6fn7KLh&export=download
62,sentiments,مشاعر,sentiments,مشاعر,regret,ندم,sentiments,مشاعر,"الندم هنا جرحٌ دفين في صدر العاشق، ينبت من الفراق ويُسقى بدموع الليالي الطوال.  
اقرأ أبياتاً تحفر في الروح دروسَ الصبر، حيث يصبح الندمُ سيفَ وفاءٍ يحمي القلبَ من الضياع.",use SubCategory_Text_AR as: query_key,Word_search,Sentiments,https://uffjlburuvsnstvgyito.supabase.co/storage/v1/object/public/Diwan_Hamdan/Cateories/thumbnail_view/Sentiments_regret_thumbnail_view.jpg,https://uffjlburuvsnstvgyito.supabase.co/storage/v1/object/public/Diwan_Hamdan/Cateories/Focus/Sentiments_regret_Focus.jpg,Sentiments_regret_ندم_Focus,Focus_Live,Sentiments_regret_ندم_thumbnail_Raw,https://drive.google.com/uc?id=1xOUJq9FL1bJVm9zukjE5NJ4CmLI90Eeo&export=download,https://drive.google.com/uc?id=1H-_cTMq2AODCaDph_5KV-PH0LfRGnLUX&export=download,https://drive.google.com/uc?id=1ZkfHP8rFEynt-xcbE7W4iDVV-8L70F49&export=download
63,sentiments,مشاعر,sentiments,مشاعر,hope,أمل,sentiments,مشاعر,"الأمل هنا شعلةٌ في ليل الشدائد، تنبتُ من رمل الصحراء وتعانق سحابَ المجدِ والغدِ.  
اقرأ أبياتاً تزرعُ في القلبِ جنَّةً، حيث يصبحُ الصبرُ مطرَ وطيرُ الروحِ يحلِّقُ حرّاً.",use SubCategory_Text_AR as: query_key,Word_search,Sentiments,https://uffjlburuvsnstvgyito.supabase.co/storage/v1/object/public/Diwan_Hamdan/Cateories/thumbnail_view/Sentiments_hope_thumbnail_view.jpg,https://uffjlburuvsnstvgyito.supabase.co/storage/v1/object/public/Diwan_Hamdan/Cateories/Focus/Sentiments_hope_Focus.jpg,Sentiments_hope_أمل_Focus,Focus_Live,Sentiments_hope_أمل_thumbnail_Raw,https://drive.google.com/uc?id=1fbCbE3yLQXUDx74sBEgS1tgP4-3yh3LS&export=download,https://drive.google.com/uc?id=1a0_rlUJnPCUFUqfpy-eMuZyeVzpFO3zF&export=download,https://drive.google.com/uc?id=1nCeL6vsShkVQ89Hvzv5hokUbeyYdSSy0&export=download
64,sentiments,مشاعر,sentiments,مشاعر,sadness,حزن,sentiments,مشاعر,"الحزن في قصائد الفزاع ضيفٌ ثقيلٌ يُكتب بدمع العيون، قصائدَ فراقٍ وغربةِ روحٍ داخل الوطن.  
تلمس أوجاعاً صِيغتْ بصدقٍ جارح، حيثُ الصبرُ مفتاحٌ والجرحُ درسٌ في مدرسةِ الحياة.",use SubCategory_Text_AR as: query_key,Word_search,Sentiments,https://uffjlburuvsnstvgyito.supabase.co/storage/v1/object/public/Diwan_Hamdan/Cateories/thumbnail_view/Sentiments_sadness_thumbnail_view.jpg,https://uffjlburuvsnstvgyito.supabase.co/storage/v1/object/public/Diwan_Hamdan/Cateories/Focus/Sentiments_sadness_Focus.jpg,Sentiments_sadness_حزن_Focus,Focus_Live,Sentiments_sadness_حزن_thumbnail_Raw,https://drive.google.com/uc?id=1O8ftSHg5E93_r_QLgnXLf7DlfNmEdDl7&export=download,https://drive.google.com/uc?id=1ao-LcXTqVzLl9cw8p1rwcYy6JFcF2478&export=download,https://drive.google.com/uc?id=1G7rU7R8ER6dGgwDVenisCDcf6E1Ya9EB&export=download
65,subjects,مواضيع,subjects,مواضيع,The Separation and Emigration,الفراق والهجر,subjects,مواضيع,"الفراق هنا جرحٌ ينزف في صدر الروح، والهجر غربةُ قلبٍ يعاني النوى والأشواقَ في ليلِ الانتظار.  
اقرأ أبياتاً تُبكي الحجرَ، حيث يصبح الصبرَ سيفاً والدمعَ نهراً يروي دروسَ الوفاءِ والألمِ.","use SubCategory_Text_EN/AR as [""query_key""]",Word_search,subjects,https://uffjlburuvsnstvgyito.supabase.co/storage/v1/object/public/Diwan_Hamdan/Cateories/thumbnail_view/Subjects_The Separation and Emigration_thumbnail_view.jpg,https://uffjlburuvsnstvgyito.supabase.co/storage/v1/object/public/Diwan_Hamdan/Cateories/Focus/Subjects_The Separation and Emigration_Focus.jpg,Subjects_The Separation and Emigration_الفراق والهجر_Focus,Focus_Live,Subjects_The Separation and Emigration_الفراق والهجر_thumbnail_Raw,https://drive.google.com/uc?id=1Wd99YsOyq06yDdX6Lc0Rq3WuembbI9jh&export=download,https://drive.google.com/uc?id=1LWwzZU7Ghgypr4nma0-3BeEceTkznLCV&export=download,https://drive.google.com/uc?id=15VdQYLUxEKZP98Q5R8h_cqApzl-3ZjN4&export=download
66,subjects,مواضيع,subjects,مواضيع,Leadership and Leaders,القيادة والزعماء,subjects,مواضيع,"هنا تتجلى القيادة إرثاً من زايد ومحمد، حيث الحكمة سيفُ والعدلُ ظلٌ يستظل به الوطن.  
اقرأ أبياتاً سُطرت بمداد الفخر، تروي كيف يصنع القادة المجد ويبنون بالعزم دولاً تعانق السحاب.","use SubCategory_Text_EN/AR as [""query_key""]",Word_search,subjects,https://uffjlburuvsnstvgyito.supabase.co/storage/v1/object/public/Diwan_Hamdan/Cateories/thumbnail_view/Subjects_Leadership and Leaders_thumbnail_view.jpg,https://uffjlburuvsnstvgyito.supabase.co/storage/v1/object/public/Diwan_Hamdan/Cateories/Focus/Subjects_Leadership and Leaders_Focus.jpg,Subjects_Leadership and Leaders_القيادة والزعماء_Focus,Focus_Live,Subjects_Leadership and Leaders_القيادة والزعماء_thumbnail_Raw,https://drive.google.com/uc?id=1JKak4yM6seVNP9rcctenpittcuL9ui2h&export=download,https://drive.google.com/uc?id=1EIagorAmMk9666NeF1lNyQWEvvfLvFwI&export=download,https://drive.google.com/uc?id=1W1s9zKtY80SxgdeEbeqp9uA5qSUPWNeo&export=download
67,subjects,مواضيع,subjects,مواضيع,Love and Infatuation,الحب والغزل,subjects,مواضيع,"الحب والغزل في شعر الفزاع معركةٌ عذبةٌ؛ العيون سيوفٌ قاتلة، والشوق جمرٌ يشتعل في صدور العاشقين.  
أبحر في قوافي الغزل العفيف، حيث يمتزج عتابُ المحبوبين بنسيمِ النودِ وريحِ الخزامى والوفاءِ الأبدي.","use SubCategory_Text_EN/AR as [""query_key""]",Word_search,subjects,https://uffjlburuvsnstvgyito.supabase.co/storage/v1/object/public/Diwan_Hamdan/Cateories/thumbnail_view/Subjects_Love and Infatuation_thumbnail_view.jpg,https://uffjlburuvsnstvgyito.supabase.co/storage/v1/object/public/Diwan_Hamdan/Cateories/Focus/Subjects_Love and Infatuation_Focus.jpg,Subjects_Love and Infatuation_الحب والغزل_Focus,Focus_Live,Subjects_Love and Infatuation_الحب والغزل_thumbnail_Raw,https://drive.google.com/uc?id=1yBJ40xUh_3Uz3McAHlKOAccr-a-xfePx&export=download,https://drive.google.com/uc?id=18JlYEm8v_eKUjShrWCdNF9MoxRmyYUTi&export=download,https://drive.google.com/uc?id=1ZWJvfmLUYDBXVW0c4aqswtQTC9mxKzaR&export=download
68,subjects,مواضيع,subjects,مواضيع,Longing and nostalgia,الشوق والحنين,subjects,مواضيع,"الشوق هنا ليس غياباً عابراً، بل نارٌ تشتعل في الصدر، تحمل ريح ""النود"" وأنين الفراق كالصقر الشارد عن عشّه.  
اقرأ أبياتاً تُذيب القلوب حنيناً، حيث يصبح الانتظار سيفَ صبرٍ يقطع الليالي ويُعيد الروح إلى أحضان الوطن.","use SubCategory_Text_EN/AR as [""query_key""]",Word_search,subjects,https://uffjlburuvsnstvgyito.supabase.co/storage/v1/object/public/Diwan_Hamdan/Cateories/thumbnail_view/Subjects_Longing and nostalgia_thumbnail_view.jpg,https://uffjlburuvsnstvgyito.supabase.co/storage/v1/object/public/Diwan_Hamdan/Cateories/Focus/Subjects_Longing and nostalgia_Focus.jpg,Subjects_Longing and nostalgia_الشوق والحنين_Focus,Focus_Live,Subjects_Longing and nostalgia_الشوق والحنين_thumbnail_Raw,https://drive.google.com/uc?id=1mPzwwg5WwYNUp3F5TKyM2f9s3qftJcXK&export=download,https://drive.google.com/uc?id=1rJhGMY9hGVa-NWDSzQ3mv6PHYkcsOjnR&export=download,https://drive.google.com/uc?id=1c5K3aR1EXDueyOPTiUynBkuyBVUEXLtu&export=download
69,subjects,مواضيع,subjects,مواضيع,Envy and Complaint,الغيرة والعتاب,subjects,مواضيع,"الغيرة هنا نارٌ تشتعل في صدور العاشقين، والعتاب سيفٌ يقطع الشوق بلا رحمةٍ ويبقي القلوب معلقة.  
غُصْ في أبياتٍ تُوقظ العواطف الجامحة، حيث تتحول العيون سهاماً والنودَ عذاباً يُشفي الروح.","use SubCategory_Text_EN/AR as [""query_key""]",Word_search,subjects,https://uffjlburuvsnstvgyito.supabase.co/storage/v1/object/public/Diwan_Hamdan/Cateories/thumbnail_view/Subjects_Envy and Complaint_thumbnail_view.jpg,https://uffjlburuvsnstvgyito.supabase.co/storage/v1/object/public/Diwan_Hamdan/Cateories/Focus/Subjects_Envy and Complaint_Focus.jpg,Subjects_Envy and Complaint_الغيرة والعتاب_Focus,Focus_Live,Subjects_Envy and Complaint_الغيرة والعتاب_thumbnail_Raw,https://drive.google.com/uc?id=1ckEkfkvQlXL7bJt_5GFgwsaMlZ_zxtFZ&export=download,https://drive.google.com/uc?id=1tiUiegjtiBaMvWefFkY6AUzW3qUFiASV&export=download,https://drive.google.com/uc?id=1n-DnYiTYJ0DlTvsMjPH6c5vHQMGJcbVO&export=download
70,subjects,مواضيع,subjects,مواضيع,Fidelity and Patience,الوفاء والصبر,subjects,مواضيع,"الوفاء هنا عهدٌ من صخر الروح، والصبر سيفٌ يقطع النوائب ويحرس القلوب في عزلتها.  
اقرأ أبياتاً تنبض بـ""النود"" والثبات، حيث يصبح الانتظار انتصاراً والوفاء تاجاً للأحرار.","use SubCategory_Text_EN/AR as [""query_key""]",Word_search,subjects,https://uffjlburuvsnstvgyito.supabase.co/storage/v1/object/public/Diwan_Hamdan/Cateories/thumbnail_view/Subjects_Fidelity and Patience_thumbnail_view.jpg,https://uffjlburuvsnstvgyito.supabase.co/storage/v1/object/public/Diwan_Hamdan/Cateories/Focus/Subjects_Fidelity and Patience_Focus.jpg,Subjects_Fidelity and Patience_الوفاء والصبر_Focus,Focus_Live,Subjects_Fidelity and Patience_الوفاء والصبر_thumbnail_Raw,https://drive.google.com/uc?id=1B4fwKhRevvd36It2nE98V8i1hGq9MvpE&export=download,https://drive.google.com/uc?id=1LRMpIj1g4Jp7M5dYQwkFMuOSC86Lcsba&export=download,https://drive.google.com/uc?id=1_vU6TjAqSy3UAdiiC3lL7g4v2UnmZ0JY&export=download
71,subjects,مواضيع,subjects,مواضيع,Honor and Glory,المجد والعز,subjects,مواضيع,"المجد والعزُّ في شعر الفزاع إرثُ قادةٍ يبنون الدولَ بالعزمِ والحكمةِ، سيوفُ شموخٍ تقطعُ الظلامَ نحو القممِ.  
اقرأ أبياتَ الفخرِ التي تُعانقُ السحابَ، وتجعلُ الصقرَ رفيقَ الروحِ في سبيلِ العلياءِ.","use SubCategory_Text_EN/AR as [""query_key""]",Word_search,subjects,https://uffjlburuvsnstvgyito.supabase.co/storage/v1/object/public/Diwan_Hamdan/Cateories/thumbnail_view/Subjects_Honor and Glory_thumbnail_view.jpg,https://uffjlburuvsnstvgyito.supabase.co/storage/v1/object/public/Diwan_Hamdan/Cateories/Focus/Subjects_Honor and Glory_Focus.jpg,Subjects_Honor and Glory_المجد والعز_Focus,Focus_Live,Subjects_Honor and Glory_المجد والعز_thumbnail_Raw,https://drive.google.com/uc?id=11k4i_T8uo8nM31LNZhGgutp0_hYDmhdJ&export=download,https://drive.google.com/uc?id=1vcxz53mk_5pycskpLQt_MUW39FyiGBxF&export=download,https://drive.google.com/uc?id=125uCzi3pOo7kFzBIYLRFCU3WfXi2ZMDh&export=download
72,subjects,مواضيع,subjects,مواضيع,Pain and Sorrow,الألم والحزن,subjects,مواضيع,"الحزن في ديوان الفزاع ضيفٌ ثقيلٌ يُكتبُ بدمعِ العيونِ قصائدَ الفراقِ وغربةِ الروحِ داخلِ الوطنِ.  
تلمسْ أوجاعاً صِيغَتْ بصدقٍ جارحٍ، حيثُ الصَّبرُ مفتاحٌ والجُرْحُ دَرْسٌ في مَدْرَسَةِ الحَيَاةِ.","use SubCategory_Text_EN/AR as [""query_key""]",Word_search,subjects,https://uffjlburuvsnstvgyito.supabase.co/storage/v1/object/public/Diwan_Hamdan/Cateories/thumbnail_view/Subjects_Pain and Sorrow_thumbnail_view.jpg,https://uffjlburuvsnstvgyito.supabase.co/storage/v1/object/public/Diwan_Hamdan/Cateories/Focus/Subjects_Pain and Sorrow_Focus.jpg,Subjects_Pain and Sorrow_الألم والحزن_Focus,Focus_Live,Subjects_Pain and Sorrow_الألم والحزن_thumbnail_Raw,https://drive.google.com/uc?id=10UbpXWRdfqYTXMjZHlEeL0wYq9TETGpK&export=download,https://drive.google.com/uc?id=1o7K672YAMrWzLnfE9j6u1B20ddyPLYKZ&export=download,https://drive.google.com/uc?id=1hUd0vDz6iYNiuAdZdu1tGQBxjYpxkOIg&export=download
73,subjects,مواضيع,subjects,مواضيع,Poetry and Creativity,الشعر والإبداع,subjects,مواضيع,"الشعر هنا ليس كلمات فحسب، بل سيفُ إبداعٍ يقطعُ الروحَ نحو آفاقِ الجمالِ والحكمةِ النابضةِ.  
غُصْ في بحرِ قوافي الفزاعِ، حيثُ يصبحُ الإلهامُ صقراً يعانقُ السحابَ ويزرعُ في القلبِ ورودَ الخلودِ.","use SubCategory_Text_EN/AR as [""query_key""]",Word_search,subjects,https://uffjlburuvsnstvgyito.supabase.co/storage/v1/object/public/Diwan_Hamdan/Cateories/thumbnail_view/Subjects_Poetry and Creativity_thumbnail_view.jpg,https://uffjlburuvsnstvgyito.supabase.co/storage/v1/object/public/Diwan_Hamdan/Cateories/Focus/Subjects_Poetry and Creativity_Focus.jpg,Subjects_Poetry and Creativity_الشعر والإبداع_Focus,Focus_Live,Subjects_Poetry and Creativity_الشعر والإبداع_thumbnail_Raw,https://drive.google.com/uc?id=1bRsvtcC9FL0k_9oM1PEDKxK9G0CKyH07&export=download,https://drive.google.com/uc?id=1L2knsDqguqoD2lY-tI_lBdQ6iQE8PsgN&export=download,https://drive.google.com/uc?id=1B0jveNo3aUw61GuZ9s1HVwT3GzIoSmOH&export=download
74,subjects,مواضيع,subjects,مواضيع,Beauty and Eyes,الجمال والعيون,subjects,مواضيع,"العيون هنا سيوفُ جمالٍ قاتلةٍ، تُذيبُ القلوبَ بنظراتٍ من عسلٍ وخزامى، وتُشعلُ الشوقَ في ليالي الغزل.  
غُصْ في أسرارِ عيونِ فزاعَ تُسَبِي الروحَ، حيثُ يصبحُ النظرُ عهداً أبدياً بالوفاءِ والعشقِ الجامحِ.","use SubCategory_Text_EN/AR as [""query_key""]",Word_search,religion,https://uffjlburuvsnstvgyito.supabase.co/storage/v1/object/public/Diwan_Hamdan/Cateories/thumbnail_view/Subjects_Beauty and Eyes_thumbnail_view.jpg,https://uffjlburuvsnstvgyito.supabase.co/storage/v1/object/public/Diwan_Hamdan/Cateories/Focus/Subjects_Beauty and Eyes_Focus.jpg,Subjects_Beauty and Eyes_الجمال والعيون_Focus,Focus_Live,Subjects_Beauty and Eyes_الجمال والعيون_thumbnail_Raw,https://drive.google.com/uc?id=1j_f0KJNRA8w3U2kryIJug-qhsohL1UMH&export=download,https://drive.google.com/uc?id=1oGQBC5pb3ul-J8tVib3dDv35vWjlIUJD&export=download,https://drive.google.com/uc?id=1ENe9SBMQMHR7w69uovKu7Lp_BLYPo8em&export=download
75,religion,دين,religion,دين,worship,العبادة,religion,دين,"هنا تتجلى العبادة إيماناً نابضاً بالقلب، حيث الدعاء سيفٌ يقطع الهم، والسجود ظلٌ يستظل به الروح أمام عظمة الخالق.  
اقرأ أبياتاً تُعانق السحب بالخشوع، فتصبح الصلاة نسيمَ وفاء يروي صحراء النفس ويُضيء دروبَ الهدى.","use SubCategory_Text_EN/AR as [""query_key""]",Word_search,religion,https://uffjlburuvsnstvgyito.supabase.co/storage/v1/object/public/Diwan_Hamdan/Cateories/thumbnail_view/Religion_worship_thumbnail_view.jpg,https://uffjlburuvsnstvgyito.supabase.co/storage/v1/object/public/Diwan_Hamdan/Cateories/Focus/Religion_worship_Focus.jpg,Religion_worship_العبادة_Focus,Image_issue,Religion_worship_العبادة_Focus,https://drive.google.com/uc?id=1n2NPdnk_WqfI___yMv5AkjUfINQHD5pZ&export=download,https://drive.google.com/uc?id=1tFutw72O8BwiBnBHFI4DhzhsUK6EnZRD&export=download,https://drive.google.com/uc?id=1pLFTTL2oNIXiHSSjdTGbcdAvVpkga6nN&export=download
76,religion,دين,religion,دين,Allah,الله,religion,دين,"هنا اللهُ إلهُ السموات والأرض، نورُ القلوب ورحمةُ الخالقِ في أبياتِ الفزاعِ تسبيحاً وخشوعاً.  
اقرأَ سجْعَ الإيمانِ يُنِيرُ الروحَ كالبرقِ في ليلِ الشوقِ، ويُعْلِيَ الصَّدْرَ إلى معارجِ السماءِ.","use SubCategory_Text_EN/AR as [""query_key""]",Word_search,religion,https://uffjlburuvsnstvgyito.supabase.co/storage/v1/object/public/Diwan_Hamdan/Cateories/thumbnail_view/Religion_Allah_thumbnail_view.jpg,https://uffjlburuvsnstvgyito.supabase.co/storage/v1/object/public/Diwan_Hamdan/Cateories/Focus/Religion_Allah_Focus.jpg,Religion_Allah_الله_Focus,Focus_Live,Religion_Allah_الله_thumbnail_Raw,https://drive.google.com/uc?id=18Q00ZxwIqKLgEIyO80OCkGSzM0gaYQG-&export=download,https://drive.google.com/uc?id=1jffwShgKA4Y8aA5KTTzGwiAw-V324Z3q&export=download,https://drive.google.com/uc?id=1v5aZp0cGtzbzsz4bwTaUZ0q9Yzp5I9fu&export=download
77,religion,دين,religion,دين,religious places,الأماكن المقدسة,religion,دين,"هنا الأماكن المقدسة ليست حجراً فحسب، بل محرابُ الروح يناجي السماء، ومَعْبَدُ الوفاء لتراب الآباء والأنبياء.  
اقرأ أبياتاً تُعَانِقُ السَّمَاءَ بالعزم، حيث يصبح الحجُّ سيفَ عزٍّ ونسيمَ رحمةٍ يروي القلوب الظمأى.","use SubCategory_Text_EN/AR as [""query_key""]",Word_search,religion,https://uffjlburuvsnstvgyito.supabase.co/storage/v1/object/public/Diwan_Hamdan/Cateories/thumbnail_view/Religion_religious places_thumbnail_view.jpg,https://uffjlburuvsnstvgyito.supabase.co/storage/v1/object/public/Diwan_Hamdan/Cateories/Focus/Religion_religious places_Focus.jpg,Religion_religious places_الأماكن المقدسة_Focus,Focus_Live,Religion_religious places_الأماكن المقدسة_thumbnail_Raw,https://drive.google.com/uc?id=1oqwOCCAio1mT5GXVzbqEcf4JdZUY34JN&export=download,https://drive.google.com/uc?id=144Jqbi6awgPEJbt41NO_Z3H-t25k22QU&export=download,https://drive.google.com/uc?id=1JaU5D3h-qkLh2nLREBCJk2Z0-7WmBZJO&export=download
78,religion,دين,religion,دين,Prohets,الأنبياء,religion,دين,"هنا الأنبياء رموزُ هدايةٍ وصبرٍ، أضواءُ سبيلٍ في ليل الفتن تُنيرُ دروبَ الأممِ بالوحيِ والعزمِ.  
اقرأ أبياتاً تُحيي سيرَهمَ كسيوفِ عدلٍ، فتُشرقُ في قلبكَ نورُ الحكمةِ وشموخُ الروحِ.","use SubCategory_Text_EN/AR as [""query_key""]",Word_search,religion,https://uffjlburuvsnstvgyito.supabase.co/storage/v1/object/public/Diwan_Hamdan/Cateories/thumbnail_view/Religion_Prohets_thumbnail_view.jpg,https://uffjlburuvsnstvgyito.supabase.co/storage/v1/object/public/Diwan_Hamdan/Cateories/Focus/Religion_Prohets_Focus.jpg,Religion_Prohets_الأنبياء_Focus,Focus_Live,Religion_Prohets_الأنبياء_thumbnail_Raw,https://drive.google.com/uc?id=15Qs_r3nVwpPWkKQvhE3owFHQMf8IuVGA&export=download,https://drive.google.com/uc?id=1pyE8923Pq6aHj9O2uHP3tKeVM5e8amIh&export=download,https://drive.google.com/uc?id=1oC4ctZ02x2XRzpO1E9lVdQpOjcj9HNCT&export=download
79,religion,دين,religion,دين,religious events,المناسبات الدينية,religion,دين,"هنا تتجلى المناسبات الدينية إيماناً ينبثق من رمضان والعيد، حيث التقوى سيفٌ يقطع الظلم والليلُ يُصلي مع الصلوات.  
اقرأ أبياتاً تُعطر الروح بالخشوع والفخر الإيماني، تجعل القلب يعانق السحاب في جنة الطاعة.","use SubCategory_Text_EN/AR as [""query_key""]",Word_search,religion,https://uffjlburuvsnstvgyito.supabase.co/storage/v1/object/public/Diwan_Hamdan/Cateories/thumbnail_view/Religion_religious events_thumbnail_view.jpg,https://uffjlburuvsnstvgyito.supabase.co/storage/v1/object/public/Diwan_Hamdan/Cateories/Focus/Religion_religious events_Focus.jpg,Religion_religious events_المناسبات الدينية_Focus,Focus_Live,Religion_religious events_المناسبات الدينية_thumbnail_Raw,https://drive.google.com/uc?id=1dpJ8hjwIRndPEQqVMOLmhE8XGgpMm_dN&export=download,https://drive.google.com/uc?id=1La2ND_V3RKFcfQoCnqPk9XVsKd4a542b&export=download,https://drive.google.com/uc?id=1CdGEJLIcGIfM-kNYSxyl-2PWU1Ah9X9s&export=download
80,religion,دين,religion,دين,religious books,الكتب المقدسة,religion,دين,"الكتب المقدسة هنا ليست ورقاً مقدساً فحسب، بل نورٌ يهدي الروح كالسيفِ زايد في ميدان الحكمة والإيمان.  
اقرأ أبياتاً تُعانقَ السماءَ بالفخر، حيث يصبح القرآنُ رفيقَ الصقرِ والحَيْنِ في دروب العزِّ والوفاء.","use SubCategory_Text_EN/AR as [""query_key""]",Word_search,religion,https://uffjlburuvsnstvgyito.supabase.co/storage/v1/object/public/Diwan_Hamdan/Cateories/thumbnail_view/Religion_religious books_thumbnail_view.jpg,https://uffjlburuvsnstvgyito.supabase.co/storage/v1/object/public/Diwan_Hamdan/Cateories/Focus/Religion_religious books_Focus.jpg,Religion_religious books_الكتب المقدسة_Focus,Image_issue,Religion_religious books_الكتب المقدسة_thumbnail_Raw,https://drive.google.com/uc?id=1YZOr6ch4MzyflZ7nnjvYARhqOjUgluWu&export=download,https://drive.google.com/uc?id=1m58qzYjmGxwTeCfsLqhQOmvhyEiEifzX&export=download,https://drive.google.com/uc?id=1hi9jPHMJS7lGHOetMmyr2nHazNaa0-7S&export=download
81,religion,دين,religion,دين,religious belifs,المفاهيم الإيمانية,religion,دين,"هنا تتجلى المفاهيم الإيمانية إيماناً ينبت في الصحراء كالغيث، يروي الروح باليقين والتوكل على الباري.  
اقرأ أبياتاً تُعانق السماوات، حيث يصبح الإيمان سيفاً يقطع الشك، والقلب معقلَ وفاءٍ يُخلّد الأبرار.","use SubCategory_Text_EN/AR as [""query_key""]",Word_search,religion,https://uffjlburuvsnstvgyito.supabase.co/storage/v1/object/public/Diwan_Hamdan/Cateories/thumbnail_view/Religion_religious belifs_thumbnail_view.jpg,https://uffjlburuvsnstvgyito.supabase.co/storage/v1/object/public/Diwan_Hamdan/Cateories/Focus/Religion_religious belifs_Focus.jpg,Religion_religious belifs_المفاهيم الإيمانية_Focus,Focus_Live,Religion_religious belifs_المفاهيم الإيمانية_thumbnail_Raw,https://drive.google.com/uc?id=17__fBUp2rBkf_inBQuCdLVwQjsQz4o2N&export=download,https://drive.google.com/uc?id=1S2GDaO5AJ3rYwqar4L5Ap-yJ1srxInph&export=download,https://drive.google.com/uc?id=1HBaxSQKxQbedufWIwiHX6odUyemAPlt2&export=download